-- phpMyAdmin SQL Dump
-- version 4.8.5
-- https://www.phpmyadmin.net/
--
-- Hôte : db
-- Généré le :  jeu. 03 oct. 2019 à 14:28
-- Version du serveur :  5.7.26
-- Version de PHP :  7.2.14

SET SQL_MODE = "NO_AUTO_VALUE_ON_ZERO";
SET AUTOCOMMIT = 0;
START TRANSACTION;
SET time_zone = "+00:00";


/*!40101 SET @OLD_CHARACTER_SET_CLIENT=@@CHARACTER_SET_CLIENT */;
/*!40101 SET @OLD_CHARACTER_SET_RESULTS=@@CHARACTER_SET_RESULTS */;
/*!40101 SET @OLD_COLLATION_CONNECTION=@@COLLATION_CONNECTION */;
/*!40101 SET NAMES utf8mb4 */;

--
-- Base de données :  `prospect`
--

-- --------------------------------------------------------

--
-- Structure de la table `account`
--

CREATE TABLE `account` (
  `id` int(11) NOT NULL,
  `login` tinytext NOT NULL,
  `password` varchar(65) CHARACTER SET latin1 NOT NULL,
  `admin_right` tinyint(1) NOT NULL,
  `id_simulation` int(11) NOT NULL,
  `num_suivi` tinyint(4) NOT NULL,
  `groupe_id` int(11) NOT NULL
) ENGINE=InnoDB DEFAULT CHARSET=utf8;

--
-- Déchargement des données de la table `account`
--

INSERT INTO `account` (`id`, `login`, `password`, `admin_right`, `id_simulation`, `num_suivi`, `groupe_id`) VALUES
(3, 'Admin', 'fa654729d187ea024a39a33931d2efce561634f7', 1, 1, 0, 1),
(6, 'Balcony', '2288a5442ebf500f50a534f711f306e7ebeb1b39', 0, 1, 0, 2),
(7, 'FengWang', '65d499cd781e53e7907feb040a7fa514509621ae', 0, 1, 0, 2),
(8, 'HapticSense', '40f903ce2130b90d8a23575be4e93ed6f20d8e94', 0, 1, 0, 2),
(9, 'IZI_tab', '920669a1cd0d8bde32ca7b01a6f783dbf0920002', 0, 1, 0, 2),
(10, 'las panteras azules', '0458acbb987c5fb8a52f09e77304a113016effc4', 0, 1, 0, 2),
(11, 'les loutres des marais', '6c3d35bbfc1df7cec7468d63b5bbe2ba111f6d5d', 0, 1, 0, 2),
(12, 'les zozios', '0e71cdcf723033b641af0e4c4010d2b174540921', 0, 1, 0, 2),
(13, 'los galanes', 'd8905ab0ef90c3899f7ec52c96dea1588fd7789b', 0, 1, 0, 2),
(14, 'Mick&#039;n Touch', 'a9d165f1a5fbccdc63ac29425d52861995a85fab', 0, 1, 0, 2),
(15, 'Sens&#039;haption', 'ce839d62f71d2f932941993557f1303171dc7d0f', 0, 1, 0, 2),
(16, 'the expandables', 'ab3bcc3e2ccbecb924f2e410eeabb2c2e3b65cc6', 0, 1, 0, 2),
(17, 'CalienTech', 'e0f5c74321c36f1b29339230a9e6b9c7c86d3055', 0, 1, 0, 2);

-- --------------------------------------------------------

--
-- Structure de la table `antecedent`
--

CREATE TABLE `antecedent` (
  `IdTacheSimule` int(11) NOT NULL,
  `IdTache` int(11) NOT NULL
) ENGINE=InnoDB DEFAULT CHARSET=utf8;

--
-- Déchargement des données de la table `antecedent`
--

INSERT INTO `antecedent` (`IdTacheSimule`, `IdTache`) VALUES
(1, 0),
(2, 1),
(3, 1),
(3, 2),
(4, 2),
(4, 3),
(5, 4),
(6, 3),
(6, 5),
(7, 5),
(7, 6),
(8, 7),
(9, 8),
(10, 9),
(11, 10),
(12, 3),
(12, 5),
(12, 11),
(13, 11),
(13, 12),
(14, 0),
(15, 1),
(16, 1),
(16, 2),
(17, 2),
(17, 3),
(18, 4),
(19, 3),
(19, 5),
(20, 5),
(20, 6),
(21, 7),
(22, 8),
(23, 9),
(24, 10),
(25, 3),
(25, 5),
(25, 11),
(26, 11),
(26, 12),
(27, 13),
(28, 13),
(29, 13),
(30, 14),
(30, 15),
(31, 17),
(32, 17),
(33, 16),
(33, 18),
(33, 19),
(33, 30),
(34, 20),
(35, 13),
(36, 21),
(36, 22),
(37, 13),
(38, 24),
(39, 25),
(40, 26),
(41, 27),
(42, 27),
(42, 28),
(43, 29),
(44, 0),
(45, 1),
(46, 1),
(47, 2),
(48, 4),
(49, 3),
(50, 5),
(51, 7),
(52, 8),
(53, 9),
(54, 10),
(55, 3),
(55, 5),
(56, 11),
(56, 12),
(57, 13),
(58, 13),
(59, 13),
(60, 14),
(60, 15),
(61, 17),
(62, 17),
(63, 30),
(64, 20),
(65, 13),
(66, 21),
(66, 22),
(67, 13),
(68, 24),
(69, 25),
(70, 26),
(71, 27),
(72, 27),
(72, 28),
(73, 29),
(74, 0),
(75, 1),
(76, 1),
(77, 2),
(78, 4),
(79, 3),
(80, 5),
(81, 7),
(82, 8),
(83, 9),
(84, 10),
(85, 3),
(85, 5),
(86, 0),
(86, 11),
(86, 12),
(87, 13),
(88, 13),
(89, 13),
(90, 1),
(90, 14),
(90, 15),
(91, 17),
(92, 17),
(93, 0),
(93, 18),
(93, 19),
(93, 30),
(94, 20),
(95, 13),
(96, 0),
(96, 21),
(96, 22),
(97, 13),
(98, 24),
(99, 25),
(100, 26),
(101, 27),
(102, 28),
(103, 0),
(103, 28),
(103, 29),
(104, 0),
(105, 0),
(106, 0),
(107, 0),
(108, 0),
(109, 1),
(110, 1),
(111, 2),
(112, 4),
(113, 3),
(114, 5),
(115, 7),
(116, 8),
(117, 9),
(118, 10),
(119, 3),
(119, 5),
(120, 11),
(120, 12),
(121, 13),
(122, 13),
(123, 13),
(124, 14),
(124, 15),
(125, 17),
(126, 17),
(127, 16),
(127, 18),
(127, 19),
(127, 30),
(128, 20),
(129, 13),
(130, 21),
(130, 22),
(131, 13),
(132, 24),
(133, 25),
(134, 26),
(135, 27),
(136, 28),
(137, 29),
(138, 0),
(139, 1),
(140, 1),
(141, 2),
(142, 4),
(143, 3),
(144, 5),
(145, 7),
(146, 8),
(147, 9),
(148, 10),
(149, 3),
(149, 5),
(150, 11),
(150, 12),
(151, 13),
(152, 13),
(153, 13),
(154, 13),
(154, 14),
(155, 17),
(156, 17),
(157, 16),
(157, 18),
(157, 19),
(157, 22),
(157, 30),
(158, 20),
(159, 13),
(160, 21),
(161, 0),
(161, 13),
(162, 24),
(163, 25),
(164, 26),
(165, 27),
(166, 27),
(166, 28),
(167, 29),
(168, 0),
(169, 1),
(170, 1),
(171, 2),
(172, 4),
(173, 3),
(174, 5),
(175, 7),
(176, 8),
(177, 9),
(178, 10),
(179, 3),
(179, 5),
(180, 11),
(180, 12),
(181, 13),
(182, 13),
(183, 13),
(184, 14),
(184, 15),
(185, 17),
(186, 17),
(187, 16),
(187, 18),
(187, 19),
(187, 30),
(188, 20),
(189, 13),
(190, 0),
(190, 21),
(190, 22),
(191, 13),
(192, 24),
(193, 25),
(194, 26),
(195, 27),
(196, 27),
(196, 28),
(197, 29),
(198, 0),
(199, 1),
(200, 1),
(201, 2),
(202, 4),
(203, 3),
(204, 5),
(205, 7),
(206, 8),
(207, 9),
(208, 10),
(209, 3),
(209, 5),
(210, 11),
(210, 12),
(211, 1),
(211, 13),
(212, 14),
(213, 14),
(214, 14),
(214, 15),
(215, 17),
(216, 17),
(217, 16),
(217, 18),
(217, 19),
(218, 20),
(219, 13),
(220, 21),
(220, 22),
(221, 6),
(222, 24),
(223, 25),
(224, 26),
(225, 27),
(226, 27),
(226, 28),
(227, 29),
(228, 0),
(229, 0),
(230, 1),
(231, 1),
(232, 2),
(233, 4),
(234, 3),
(235, 5),
(236, 7),
(237, 8),
(238, 9),
(239, 10),
(240, 5),
(241, 11),
(242, 13),
(243, 13),
(244, 13),
(245, 15),
(246, 17),
(247, 17),
(248, 30),
(249, 20),
(250, 13),
(251, 21),
(252, 13),
(253, 24),
(254, 25),
(255, 26),
(256, 27),
(257, 28),
(258, 29),
(259, 0),
(260, 0),
(261, 1),
(262, 1),
(263, 2),
(264, 4),
(265, 3),
(266, 5),
(267, 7),
(268, 8),
(269, 9),
(270, 10),
(271, 3),
(271, 5),
(272, 11),
(272, 12),
(273, 13),
(274, 13),
(275, 13),
(276, 14),
(276, 15),
(277, 17),
(278, 0),
(278, 17),
(279, 16),
(279, 18),
(279, 19),
(279, 22),
(279, 30),
(280, 20),
(281, 13),
(282, 21),
(283, 13),
(284, 24),
(285, 25),
(286, 26),
(287, 27),
(288, 27),
(288, 28),
(289, 29),
(290, 0),
(291, 1),
(292, 1),
(293, 2),
(294, 4),
(295, 3),
(296, 5),
(297, 7),
(298, 8),
(299, 9),
(300, 10),
(301, 0),
(301, 3),
(301, 5),
(302, 0),
(302, 11),
(302, 12),
(303, 0),
(304, 0),
(305, 0),
(306, 0),
(306, 14),
(306, 15),
(307, 17),
(308, 17),
(309, 0),
(309, 16),
(309, 18),
(309, 19),
(310, 20),
(311, 0),
(312, 0),
(312, 21),
(312, 22),
(313, 0),
(314, 24),
(315, 25),
(316, 0),
(317, 27),
(318, 27),
(318, 28),
(319, 29),
(320, 0),
(321, 1),
(322, 1),
(323, 2),
(324, 4),
(325, 3),
(326, 5),
(327, 7),
(328, 8),
(329, 9),
(330, 10),
(331, 3),
(331, 5),
(332, 11),
(332, 12),
(333, 0),
(334, 0),
(335, 0),
(336, 14),
(336, 15),
(337, 17),
(338, 17),
(339, 16),
(339, 18),
(339, 19),
(340, 20),
(341, 0),
(342, 21),
(342, 22),
(343, 0),
(344, 24),
(345, 25),
(346, 26),
(347, 27),
(348, 27),
(348, 28),
(349, 29),
(350, 0),
(351, 1),
(352, 1),
(353, 2),
(354, 4),
(355, 3),
(356, 5),
(357, 7),
(358, 8),
(359, 9),
(360, 10),
(361, 3),
(361, 5),
(362, 11),
(362, 12),
(363, 7),
(364, 11),
(365, 11),
(366, 0),
(366, 14),
(366, 15),
(367, 17),
(368, 17),
(369, 0),
(369, 16),
(369, 18),
(369, 19),
(369, 30),
(370, 20),
(371, 13),
(372, 21),
(373, 2),
(374, 24),
(375, 25),
(376, 26),
(377, 27),
(378, 28),
(379, 29),
(380, 0),
(381, 1),
(382, 1),
(383, 2),
(384, 4),
(385, 3),
(386, 5),
(387, 7),
(388, 8),
(389, 9),
(390, 10),
(391, 3),
(391, 5),
(392, 11),
(392, 12),
(393, 13),
(394, 13),
(395, 13),
(396, 14),
(396, 15),
(397, 17),
(398, 17),
(399, 30),
(400, 20),
(401, 13),
(402, 21),
(402, 22),
(403, 13),
(404, 24),
(405, 25),
(406, 26),
(407, 27),
(408, 27),
(408, 28),
(409, 29),
(410, 0),
(411, 1),
(412, 1),
(413, 2),
(414, 4),
(415, 3),
(416, 5),
(417, 7),
(418, 8),
(419, 9),
(420, 10),
(421, 3),
(421, 5),
(422, 11),
(422, 12),
(423, 1),
(423, 13),
(424, 14),
(425, 14),
(426, 14),
(426, 15),
(427, 17),
(428, 17),
(429, 16),
(429, 18),
(429, 19),
(430, 20),
(431, 13),
(432, 21),
(432, 22),
(433, 6),
(434, 24),
(435, 25),
(436, 26),
(437, 27),
(438, 27),
(438, 28),
(439, 0),
(439, 29),
(440, 0),
(441, 1),
(442, 1),
(443, 2),
(444, 4),
(445, 3),
(446, 5),
(447, 7),
(448, 8),
(449, 9),
(450, 10),
(451, 3),
(451, 5),
(452, 11),
(452, 12),
(453, 1),
(453, 13),
(454, 14),
(455, 14),
(456, 14),
(456, 15),
(457, 17),
(458, 17),
(459, 16),
(459, 18),
(459, 19),
(460, 20),
(461, 13),
(462, 21),
(462, 22),
(463, 6),
(464, 24),
(465, 25),
(466, 26),
(467, 27),
(468, 27),
(468, 28),
(469, 0),
(469, 29),
(470, 0),
(471, 1),
(472, 1),
(473, 2),
(474, 4),
(475, 3),
(476, 5),
(477, 7),
(478, 8),
(479, 9),
(480, 10),
(481, 3),
(481, 5),
(482, 11),
(482, 12),
(483, 13),
(484, 13),
(485, 13),
(486, 14),
(486, 15),
(487, 17),
(488, 17),
(489, 16),
(489, 18),
(489, 19),
(489, 30),
(490, 20),
(491, 13),
(492, 21),
(492, 22),
(493, 13),
(494, 24),
(495, 25),
(496, 26),
(497, 27),
(498, 28),
(499, 29),
(500, 0),
(501, 1),
(502, 1),
(503, 2),
(504, 4),
(505, 3),
(506, 5),
(507, 7),
(508, 8),
(509, 9),
(510, 10),
(511, 3),
(511, 5),
(512, 11),
(512, 12),
(513, 0),
(514, 0),
(515, 0),
(516, 14),
(516, 15),
(517, 17),
(518, 17),
(519, 16),
(519, 18),
(519, 19),
(520, 20),
(521, 0),
(522, 20),
(522, 21),
(523, 0),
(524, 24),
(525, 25),
(526, 26),
(527, 27),
(528, 27),
(528, 28),
(529, 29),
(530, 0),
(531, 1),
(532, 1),
(533, 2),
(534, 4),
(535, 3),
(536, 5),
(537, 7),
(538, 8),
(539, 9),
(540, 10),
(541, 3),
(541, 5),
(542, 11),
(542, 12),
(543, 13),
(544, 13),
(545, 13),
(546, 14),
(546, 15),
(547, 17),
(548, 17),
(549, 16),
(549, 18),
(549, 19),
(549, 30),
(550, 20),
(551, 13),
(552, 21),
(552, 22),
(553, 13),
(554, 24),
(555, 25),
(556, 26),
(557, 27),
(558, 27),
(558, 28),
(559, 29),
(560, 0),
(561, 1),
(562, 1),
(563, 2),
(564, 4),
(565, 3),
(566, 5),
(567, 7),
(568, 8),
(569, 9),
(570, 10),
(571, 3),
(571, 5),
(572, 11),
(572, 12),
(573, 13),
(574, 13),
(575, 13),
(576, 14),
(576, 15),
(577, 17),
(578, 17),
(579, 16),
(579, 18),
(579, 19),
(579, 22),
(579, 30),
(580, 20),
(581, 13),
(582, 21),
(583, 0),
(583, 13),
(584, 24),
(585, 25),
(586, 26),
(587, 27),
(588, 27),
(588, 28),
(589, 29),
(590, 0),
(591, 1),
(592, 1),
(593, 2),
(594, 4),
(595, 3),
(596, 5),
(597, 7),
(598, 8),
(599, 9),
(600, 10),
(601, 3),
(601, 5),
(602, 11),
(602, 12),
(603, 0),
(604, 0),
(605, 0),
(606, 0),
(607, 17),
(608, 17),
(609, 0),
(610, 20),
(611, 0),
(612, 21),
(612, 22),
(613, 0),
(614, 24),
(615, 25),
(616, 26),
(617, 27),
(618, 27),
(618, 28),
(619, 29),
(620, 0),
(621, 1),
(622, 1),
(623, 2),
(624, 4),
(625, 3),
(626, 5),
(627, 7),
(628, 8),
(629, 9),
(630, 10),
(631, 3),
(631, 5),
(632, 0),
(632, 11),
(632, 12),
(633, 7),
(634, 11),
(635, 11),
(636, 14),
(636, 15),
(637, 17),
(638, 17),
(639, 16),
(639, 18),
(639, 19),
(639, 30),
(640, 20),
(641, 13),
(642, 21),
(643, 2),
(644, 6),
(644, 24),
(645, 25),
(646, 26),
(647, 27),
(648, 28),
(649, 0),
(650, 0),
(651, 1),
(652, 1),
(653, 2),
(654, 4),
(655, 3),
(656, 5),
(657, 7),
(658, 8),
(659, 9),
(660, 10),
(661, 3),
(661, 5),
(662, 11),
(662, 12),
(663, 13),
(664, 13),
(665, 13),
(666, 14),
(666, 15),
(667, 17),
(668, 17),
(669, 16),
(669, 18),
(669, 19),
(669, 22),
(669, 30),
(670, 20),
(671, 13),
(672, 21),
(673, 13),
(674, 24),
(675, 25),
(676, 26),
(677, 27),
(678, 27),
(678, 28),
(679, 29),
(680, 0),
(681, 1),
(682, 1),
(682, 2),
(683, 2),
(683, 3),
(684, 4),
(685, 3),
(685, 5),
(686, 5),
(686, 6),
(687, 7),
(688, 8),
(689, 9),
(690, 10),
(691, 3),
(691, 5),
(691, 11),
(692, 11),
(692, 12),
(693, 13),
(694, 13),
(695, 13),
(696, 14),
(696, 15),
(697, 17),
(698, 17),
(699, 16),
(699, 18),
(699, 19),
(699, 30),
(700, 20),
(701, 0),
(702, 21),
(702, 22),
(703, 13),
(704, 24),
(705, 25),
(706, 26),
(707, 27),
(708, 28),
(709, 29),
(710, 0),
(711, 1),
(712, 1),
(713, 2),
(714, 4),
(715, 3),
(716, 5),
(717, 7),
(718, 8),
(719, 9),
(720, 10),
(721, 5),
(722, 11),
(722, 12),
(723, 13),
(724, 13),
(725, 13),
(726, 14),
(726, 15),
(727, 17),
(728, 17),
(729, 16),
(729, 18),
(729, 19),
(730, 20),
(731, 13),
(732, 20),
(732, 21),
(733, 13),
(734, 24),
(735, 25),
(736, 26),
(737, 27),
(738, 27),
(738, 28),
(739, 29),
(740, 0),
(741, 1),
(742, 1),
(743, 2),
(744, 4),
(745, 3),
(746, 5),
(747, 7),
(748, 8),
(749, 9),
(750, 10),
(751, 0),
(751, 3),
(751, 5),
(752, 0),
(752, 11),
(752, 12),
(753, 0),
(754, 0),
(755, 0),
(756, 0),
(756, 14),
(756, 15),
(757, 17),
(758, 17),
(759, 16),
(759, 18),
(759, 19),
(760, 20),
(761, 0),
(762, 0),
(762, 21),
(762, 22),
(763, 0),
(764, 24),
(765, 25),
(766, 0),
(767, 27),
(768, 0),
(768, 27),
(768, 28),
(769, 29),
(770, 0),
(771, 1),
(772, 1),
(773, 2),
(774, 4),
(775, 3),
(776, 5),
(777, 7),
(778, 8),
(779, 9),
(780, 10),
(781, 3),
(781, 5),
(782, 11),
(782, 12),
(783, 13),
(784, 13),
(785, 13),
(786, 14),
(786, 15),
(787, 17),
(788, 17),
(789, 16),
(789, 18),
(789, 19),
(790, 20),
(791, 13),
(792, 21),
(792, 22),
(793, 13),
(794, 24),
(795, 25),
(796, 26),
(797, 27),
(798, 27),
(798, 28),
(799, 29),
(800, 0),
(801, 1),
(802, 1),
(803, 2),
(804, 4),
(805, 3),
(806, 5),
(807, 7),
(808, 8),
(809, 9),
(810, 10),
(811, 3),
(811, 5),
(812, 11),
(812, 12),
(813, 1),
(813, 13),
(814, 14),
(815, 14),
(816, 14),
(816, 15),
(817, 17),
(818, 0),
(818, 17),
(819, 16),
(819, 18),
(819, 19),
(820, 20),
(821, 13),
(822, 21),
(822, 22),
(823, 6),
(824, 24),
(825, 25),
(826, 26),
(827, 27),
(828, 27),
(828, 28),
(829, 29),
(830, 0),
(831, 1),
(832, 1),
(833, 2),
(834, 4),
(835, 3),
(836, 5),
(837, 7),
(838, 8),
(839, 9),
(840, 10),
(841, 3),
(841, 5),
(842, 11),
(842, 12),
(843, 13),
(844, 13),
(845, 13),
(846, 14),
(846, 15),
(847, 17),
(848, 17),
(849, 30),
(850, 20),
(851, 13),
(852, 21),
(852, 22),
(853, 13),
(854, 24),
(855, 25),
(856, 26),
(857, 27),
(858, 27),
(858, 28),
(859, 29),
(860, 0),
(861, 1),
(862, 1),
(863, 2),
(864, 4),
(865, 3),
(866, 5),
(867, 7),
(868, 8),
(869, 9),
(870, 10),
(871, 0),
(871, 3),
(871, 5),
(872, 0),
(872, 11),
(872, 12),
(873, 0),
(874, 0),
(875, 0),
(876, 14),
(876, 15),
(877, 17),
(878, 17),
(879, 16),
(879, 18),
(879, 19),
(880, 20),
(881, 0),
(882, 21),
(882, 22),
(883, 0),
(884, 24),
(885, 25),
(886, 26),
(887, 27),
(888, 27),
(888, 28),
(889, 29),
(890, 14),
(890, 15),
(891, 0),
(892, 1),
(893, 1),
(894, 2),
(895, 4),
(896, 3),
(897, 5),
(898, 7),
(899, 8),
(900, 9),
(901, 10),
(902, 3),
(902, 5),
(903, 11),
(903, 12),
(904, 7),
(905, 11),
(906, 11),
(907, 0),
(908, 0),
(909, 0),
(910, 0),
(911, 0),
(912, 13),
(913, 0),
(914, 2),
(915, 0),
(916, 0),
(917, 0),
(918, 0),
(919, 0),
(920, 0),
(921, 0),
(922, 1),
(923, 1),
(924, 2),
(925, 4),
(926, 3),
(927, 5),
(928, 7),
(929, 8),
(930, 9),
(931, 10),
(932, 3),
(932, 5),
(933, 11),
(933, 12),
(934, 13),
(935, 13),
(936, 13),
(937, 14),
(937, 15),
(938, 17),
(939, 17),
(940, 16),
(940, 18),
(940, 19),
(940, 30),
(941, 20),
(942, 13),
(943, 21),
(943, 22),
(944, 13),
(945, 24),
(946, 25),
(947, 26),
(948, 27),
(949, 27),
(949, 28),
(950, 29),
(951, 0),
(952, 1),
(953, 1),
(954, 2),
(955, 4),
(956, 3),
(957, 5),
(958, 7),
(959, 8),
(960, 9),
(961, 0),
(961, 10),
(962, 3),
(962, 5),
(963, 0),
(963, 11),
(963, 12),
(964, 0),
(964, 13),
(965, 13),
(966, 13),
(967, 0),
(967, 14),
(967, 15),
(968, 17),
(969, 17),
(970, 16),
(970, 18),
(970, 19),
(970, 22),
(970, 30),
(971, 20),
(972, 0),
(972, 13),
(973, 21),
(973, 22),
(974, 13),
(975, 24),
(976, 25),
(977, 26),
(978, 27),
(979, 0),
(979, 27),
(979, 28),
(980, 29),
(981, 0),
(982, 1),
(983, 1),
(984, 2),
(985, 4),
(986, 3),
(987, 5),
(988, 7),
(989, 8),
(990, 9),
(991, 10),
(992, 3),
(992, 5),
(993, 11),
(993, 12),
(994, 7),
(995, 11),
(996, 15),
(997, 14),
(997, 15),
(998, 17),
(999, 17),
(1000, 16),
(1000, 18),
(1000, 19),
(1000, 30),
(1001, 20),
(1002, 14),
(1003, 21),
(1003, 22),
(1004, 6),
(1005, 24),
(1006, 25),
(1007, 26),
(1008, 27),
(1009, 27),
(1009, 28),
(1010, 29),
(1011, 0),
(1012, 1),
(1013, 1),
(1014, 2),
(1015, 4),
(1016, 3),
(1017, 5),
(1018, 7),
(1019, 8),
(1020, 9),
(1021, 10),
(1022, 5),
(1023, 11),
(1024, 13),
(1025, 13),
(1026, 13),
(1027, 14),
(1027, 15),
(1028, 17),
(1029, 17),
(1030, 16),
(1030, 18),
(1030, 19),
(1031, 20),
(1032, 13),
(1033, 20),
(1033, 21),
(1034, 13),
(1035, 24),
(1036, 25),
(1037, 26),
(1038, 27),
(1039, 27),
(1039, 28),
(1040, 29),
(1041, 0),
(1042, 1),
(1043, 1),
(1044, 2),
(1045, 4),
(1046, 3),
(1047, 5),
(1048, 7),
(1049, 8),
(1050, 9),
(1051, 10),
(1052, 3),
(1052, 5),
(1053, 11),
(1053, 12),
(1054, 13),
(1055, 13),
(1056, 13),
(1057, 14),
(1057, 15),
(1058, 17),
(1059, 17),
(1060, 0),
(1060, 16),
(1060, 18),
(1060, 19),
(1060, 30),
(1061, 20),
(1062, 13),
(1063, 21),
(1063, 22),
(1064, 13),
(1065, 24),
(1066, 0),
(1066, 25),
(1067, 26),
(1068, 0),
(1068, 27),
(1069, 0),
(1069, 28),
(1070, 0),
(1070, 29),
(1071, 0),
(1072, 1),
(1073, 1),
(1073, 2),
(1074, 2),
(1074, 3),
(1075, 4),
(1076, 3),
(1076, 5),
(1077, 5),
(1077, 6),
(1078, 7),
(1079, 8),
(1080, 9),
(1081, 10),
(1082, 3),
(1082, 5),
(1082, 11),
(1083, 11),
(1083, 12),
(1084, 13),
(1085, 13),
(1086, 13),
(1087, 14),
(1087, 15),
(1088, 17),
(1089, 17),
(1090, 16),
(1090, 18),
(1090, 19),
(1090, 30),
(1091, 20),
(1092, 13),
(1093, 21),
(1093, 22),
(1094, 13),
(1095, 24),
(1096, 25),
(1097, 26),
(1098, 27),
(1099, 28),
(1100, 29),
(1101, 0),
(1102, 1),
(1103, 1),
(1104, 2),
(1105, 4),
(1106, 3),
(1107, 5),
(1108, 7),
(1109, 8),
(1110, 9),
(1111, 10),
(1112, 3),
(1112, 5),
(1113, 11),
(1113, 12),
(1114, 13),
(1115, 13),
(1116, 13),
(1117, 14),
(1117, 15),
(1118, 17),
(1119, 17),
(1120, 16),
(1120, 18),
(1120, 19),
(1120, 22),
(1120, 30),
(1121, 20),
(1122, 13),
(1123, 21),
(1124, 13),
(1125, 24),
(1126, 25),
(1127, 26),
(1128, 27),
(1129, 0),
(1129, 27),
(1129, 28),
(1130, 29),
(1131, 0),
(1132, 1),
(1133, 1),
(1134, 2),
(1135, 4),
(1136, 3),
(1137, 5),
(1138, 7),
(1139, 8),
(1140, 9),
(1141, 10),
(1142, 3),
(1142, 5),
(1143, 11),
(1143, 12),
(1144, 13),
(1145, 13),
(1146, 13),
(1147, 14),
(1147, 15),
(1148, 17),
(1149, 17),
(1150, 16),
(1150, 18),
(1150, 19),
(1151, 20),
(1152, 0),
(1153, 21),
(1153, 22),
(1154, 0),
(1155, 24),
(1156, 25),
(1157, 26),
(1158, 27),
(1159, 27),
(1159, 28),
(1160, 29),
(1161, 0),
(1162, 1),
(1163, 1),
(1164, 2),
(1165, 4),
(1166, 3),
(1167, 5),
(1168, 7),
(1169, 8),
(1170, 9),
(1171, 10),
(1172, 3),
(1172, 5),
(1173, 11),
(1173, 12),
(1174, 13),
(1175, 13),
(1176, 13),
(1177, 14),
(1177, 15),
(1178, 17),
(1179, 0),
(1179, 17),
(1180, 16),
(1180, 18),
(1180, 19),
(1181, 20),
(1182, 13),
(1183, 21),
(1183, 22),
(1184, 13),
(1185, 24),
(1186, 25),
(1187, 26),
(1188, 27),
(1189, 27),
(1189, 28),
(1190, 29),
(1191, 0),
(1192, 1),
(1193, 1),
(1194, 2),
(1195, 4),
(1196, 3),
(1197, 5),
(1198, 7),
(1199, 8),
(1200, 9),
(1201, 10),
(1202, 3),
(1202, 5),
(1203, 11),
(1203, 12),
(1204, 13),
(1205, 13),
(1206, 13),
(1207, 14),
(1207, 15),
(1208, 17),
(1209, 17),
(1210, 16),
(1210, 18),
(1210, 19),
(1211, 20),
(1212, 13),
(1213, 21),
(1213, 22),
(1214, 13),
(1215, 24),
(1216, 25),
(1217, 26),
(1218, 27),
(1219, 27),
(1219, 28),
(1220, 29),
(1221, 0),
(1222, 1),
(1223, 1),
(1224, 2),
(1225, 4),
(1226, 3),
(1227, 5),
(1228, 7),
(1229, 8),
(1230, 9),
(1231, 10),
(1232, 5),
(1233, 11),
(1234, 13),
(1235, 13),
(1236, 13),
(1237, 15),
(1238, 17),
(1239, 17),
(1240, 16),
(1240, 18),
(1240, 19),
(1241, 20),
(1242, 13),
(1243, 13),
(1244, 13),
(1245, 24),
(1246, 25),
(1247, 26),
(1248, 27),
(1249, 28),
(1250, 29),
(1251, 0),
(1252, 1),
(1253, 1),
(1254, 2),
(1255, 4),
(1256, 3),
(1257, 5),
(1258, 7),
(1259, 8),
(1260, 9),
(1261, 10),
(1262, 3),
(1262, 5),
(1263, 11),
(1263, 12),
(1264, 13),
(1265, 13),
(1266, 13),
(1267, 1),
(1267, 14),
(1267, 15),
(1268, 17),
(1269, 17),
(1270, 0),
(1270, 16),
(1270, 18),
(1270, 19),
(1270, 30),
(1271, 20),
(1272, 13),
(1273, 21),
(1273, 22),
(1274, 13),
(1275, 24),
(1276, 25),
(1277, 26),
(1278, 27),
(1279, 28),
(1280, 29),
(1281, 0),
(1282, 1),
(1283, 1),
(1284, 2),
(1285, 4),
(1286, 3),
(1287, 5),
(1288, 7),
(1289, 8),
(1290, 9),
(1291, 10),
(1292, 3),
(1292, 5),
(1293, 0),
(1293, 11),
(1293, 12),
(1294, 13),
(1295, 13),
(1296, 13),
(1297, 1),
(1297, 14),
(1297, 15),
(1298, 17),
(1299, 17),
(1300, 0),
(1300, 16),
(1300, 18),
(1300, 19),
(1300, 30),
(1301, 20),
(1302, 13),
(1303, 21),
(1303, 22),
(1304, 13),
(1305, 24),
(1306, 25),
(1307, 26),
(1308, 27),
(1309, 28),
(1310, 29),
(1311, 0),
(1312, 1),
(1313, 1),
(1314, 2),
(1315, 4),
(1316, 3),
(1317, 5),
(1318, 7),
(1319, 8),
(1320, 9),
(1321, 10),
(1322, 0),
(1322, 3),
(1322, 5),
(1323, 0),
(1323, 11),
(1323, 12),
(1324, 0),
(1325, 0),
(1326, 0),
(1327, 0),
(1327, 14),
(1327, 15),
(1328, 17),
(1329, 17),
(1330, 16),
(1330, 18),
(1330, 19),
(1331, 20),
(1332, 0),
(1333, 0),
(1333, 21),
(1333, 22),
(1334, 0),
(1335, 24),
(1336, 25),
(1337, 0),
(1338, 27),
(1339, 27),
(1339, 28),
(1340, 29),
(1341, 0),
(1342, 1),
(1343, 1),
(1344, 2),
(1345, 4),
(1346, 3),
(1347, 5),
(1348, 7),
(1349, 8),
(1350, 9),
(1351, 10),
(1352, 3),
(1352, 5),
(1353, 11),
(1353, 12),
(1354, 1),
(1354, 13),
(1355, 14),
(1356, 14),
(1357, 14),
(1357, 15),
(1358, 17),
(1359, 17),
(1360, 16),
(1360, 18),
(1360, 19),
(1361, 20),
(1362, 13),
(1363, 21),
(1363, 22),
(1364, 6),
(1365, 24),
(1366, 25),
(1367, 26),
(1368, 27),
(1369, 27),
(1369, 28),
(1370, 29),
(1371, 0),
(1372, 1),
(1373, 1),
(1374, 2),
(1375, 4),
(1376, 3),
(1377, 5),
(1378, 7),
(1379, 8),
(1380, 9),
(1381, 10),
(1382, 3),
(1382, 5),
(1383, 11),
(1383, 12),
(1384, 13),
(1385, 13),
(1386, 13),
(1387, 14),
(1387, 15),
(1388, 17),
(1389, 17),
(1390, 30),
(1391, 20),
(1392, 13),
(1393, 21),
(1393, 22),
(1394, 13),
(1395, 24),
(1396, 25),
(1397, 26),
(1398, 27),
(1399, 27),
(1399, 28),
(1400, 29),
(1401, 0),
(1402, 1),
(1403, 1),
(1403, 2),
(1404, 2),
(1404, 3),
(1405, 4),
(1406, 3),
(1406, 5),
(1407, 5),
(1407, 6),
(1408, 7),
(1409, 8),
(1410, 9),
(1411, 10),
(1412, 3),
(1412, 5),
(1412, 11),
(1413, 11),
(1413, 12),
(1414, 13),
(1415, 13),
(1416, 13),
(1417, 14),
(1417, 15),
(1418, 17),
(1419, 17),
(1420, 16),
(1420, 18),
(1420, 19),
(1420, 30),
(1421, 20),
(1422, 13),
(1423, 21),
(1423, 22),
(1424, 13),
(1425, 24),
(1426, 25),
(1427, 26),
(1428, 27),
(1429, 27),
(1429, 28),
(1430, 29),
(1431, 0),
(1432, 1),
(1433, 1),
(1434, 2),
(1435, 4),
(1436, 3),
(1437, 5),
(1438, 7),
(1439, 8),
(1440, 9),
(1441, 10),
(1442, 3),
(1442, 5),
(1443, 11),
(1443, 12),
(1444, 13),
(1445, 13),
(1446, 13),
(1447, 14),
(1447, 15),
(1448, 0),
(1448, 17),
(1449, 17),
(1450, 16),
(1450, 18),
(1450, 19),
(1451, 20),
(1452, 13),
(1453, 0),
(1453, 21),
(1453, 22),
(1454, 13),
(1455, 24),
(1456, 25),
(1457, 26),
(1458, 27),
(1459, 28),
(1460, 29),
(1461, 0),
(1462, 1),
(1463, 1),
(1464, 2),
(1465, 4),
(1466, 3),
(1467, 5),
(1468, 7),
(1469, 8),
(1470, 9),
(1471, 10),
(1472, 3),
(1472, 5),
(1473, 11),
(1473, 12),
(1474, 7),
(1475, 11),
(1476, 11),
(1477, 14),
(1477, 15),
(1478, 17),
(1479, 17),
(1480, 16),
(1480, 18),
(1480, 19),
(1480, 30),
(1481, 20),
(1482, 13),
(1483, 21),
(1484, 2),
(1485, 24),
(1486, 25),
(1487, 26),
(1488, 27),
(1489, 28),
(1490, 29),
(1491, 0),
(1492, 1),
(1493, 1),
(1494, 2),
(1495, 4),
(1496, 3),
(1497, 5),
(1498, 7),
(1499, 8),
(1500, 9),
(1501, 10),
(1502, 3),
(1502, 5),
(1503, 11),
(1503, 12),
(1504, 13),
(1505, 13),
(1506, 13),
(1507, 13),
(1507, 14),
(1508, 17),
(1509, 17),
(1510, 16),
(1510, 18),
(1510, 19),
(1510, 22),
(1510, 30),
(1511, 0),
(1511, 20),
(1512, 13),
(1513, 0),
(1513, 21),
(1513, 22),
(1514, 0),
(1514, 13),
(1515, 24),
(1516, 25),
(1517, 26),
(1518, 27),
(1519, 0),
(1519, 27),
(1519, 28),
(1520, 29),
(1521, 0),
(1522, 1),
(1523, 1),
(1524, 2),
(1525, 4),
(1526, 3),
(1527, 5),
(1528, 7),
(1529, 8),
(1530, 9),
(1531, 10),
(1532, 3),
(1532, 5),
(1533, 11),
(1533, 12),
(1534, 13),
(1535, 13),
(1536, 13),
(1537, 14),
(1537, 15),
(1538, 17),
(1539, 17),
(1540, 16),
(1540, 18),
(1540, 19),
(1540, 22),
(1540, 30),
(1541, 20),
(1542, 13),
(1543, 21),
(1544, 13),
(1545, 24),
(1546, 25),
(1547, 26),
(1548, 27),
(1549, 27),
(1549, 28),
(1550, 29);

-- --------------------------------------------------------

--
-- Structure de la table `choixcomposant`
--

CREATE TABLE `choixcomposant` (
  `id` int(11) NOT NULL,
  `id_groupe` int(11) NOT NULL,
  `id_simulation` int(11) NOT NULL,
  `id_avancement` int(11) NOT NULL,
  `id_ecran` int(11) NOT NULL,
  `id_processeur` int(11) NOT NULL,
  `id_memoire` int(11) NOT NULL,
  `id_wireless` int(11) NOT NULL,
  `id_battrie` int(11) NOT NULL,
  `id_camera` int(11) NOT NULL,
  `id_webcam` int(11) NOT NULL,
  `id_gps` int(11) NOT NULL,
  `id_clavier` int(11) NOT NULL,
  `id_boitier` int(11) NOT NULL,
  `id_os` int(11) NOT NULL
) ENGINE=InnoDB DEFAULT CHARSET=utf8;

--
-- Déchargement des données de la table `choixcomposant`
--

INSERT INTO `choixcomposant` (`id`, `id_groupe`, `id_simulation`, `id_avancement`, `id_ecran`, `id_processeur`, `id_memoire`, `id_wireless`, `id_battrie`, `id_camera`, `id_webcam`, `id_gps`, `id_clavier`, `id_boitier`, `id_os`) VALUES
(1, 15, 1, 2, 3, 6, 9, 12, 15, 17, 19, 22, 23, 26, 3),
(2, 12, 1, 2, 1, 6, 8, 12, 14, 17, 18, 22, 23, 26, 2),
(3, 8, 1, 2, 3, 5, 9, 10, 14, 16, 19, 20, 23, 26, 1),
(4, 14, 1, 2, 1, 6, 9, 11, 14, 16, 19, 21, 25, 26, 2),
(5, 6, 1, 2, 2, 4, 8, 13, 14, 16, 19, 20, 25, 26, 2),
(6, 9, 1, 2, 3, 6, 8, 12, 14, 16, 18, 22, 25, 26, 2),
(7, 13, 1, 2, 3, 6, 9, 13, 14, 16, 18, 21, 25, 26, 1),
(8, 10, 1, 2, 1, 5, 8, 11, 14, 17, 19, 22, 23, 26, 1),
(9, 16, 1, 2, 1, 6, 9, 11, 14, 17, 19, 22, 23, 26, 3),
(10, 11, 1, 2, 1, 5, 7, 11, 15, 16, 19, 22, 23, 26, 1),
(11, 7, 1, 2, 1, 6, 9, 12, 15, 17, 19, 20, 23, 26, 2),
(12, 17, 1, 2, 1, 6, 8, 12, 15, 17, 19, 22, 23, 26, 1),
(13, 14, 1, 4, 1, 6, 9, 11, 14, 16, 19, 21, 25, 26, 2),
(14, 9, 1, 4, 3, 6, 8, 12, 14, 16, 18, 22, 25, 26, 2),
(15, 7, 1, 4, 1, 6, 9, 12, 15, 17, 19, 20, 24, 26, 2),
(16, 11, 1, 4, 1, 4, 7, 10, 14, 16, 18, 20, 23, 26, 1),
(17, 15, 1, 4, 3, 6, 9, 12, 15, 17, 19, 22, 23, 26, 3),
(18, 6, 1, 4, 1, 4, 7, 10, 14, 16, 18, 20, 23, 26, 1),
(19, 12, 1, 4, 1, 6, 8, 12, 14, 17, 18, 22, 23, 26, 2),
(20, 10, 1, 4, 1, 4, 7, 10, 14, 16, 18, 20, 23, 26, 1),
(21, 17, 1, 4, 3, 6, 8, 13, 15, 17, 19, 21, 23, 26, 1),
(22, 13, 1, 4, 3, 6, 9, 13, 14, 16, 18, 21, 25, 26, 1),
(23, 8, 1, 4, 3, 5, 7, 10, 15, 17, 18, 21, 23, 26, 1),
(24, 16, 1, 4, 1, 6, 9, 11, 14, 17, 19, 22, 23, 26, 1),
(25, 11, 1, 5, 1, 5, 7, 11, 15, 16, 19, 22, 23, 26, 2),
(26, 6, 1, 5, 2, 4, 8, 13, 14, 16, 19, 20, 25, 26, 2),
(27, 9, 1, 5, 3, 6, 8, 12, 14, 16, 18, 22, 25, 26, 2),
(28, 16, 1, 5, 1, 6, 9, 11, 14, 17, 19, 22, 23, 26, 3),
(29, 13, 1, 5, 3, 6, 9, 13, 14, 16, 18, 21, 25, 26, 1),
(30, 14, 1, 5, 1, 6, 9, 11, 14, 16, 19, 21, 25, 26, 2),
(31, 10, 1, 5, 3, 5, 8, 11, 14, 17, 19, 22, 23, 26, 1),
(32, 15, 1, 5, 3, 6, 9, 12, 15, 17, 19, 22, 23, 26, 3),
(33, 12, 1, 5, 3, 6, 8, 12, 14, 17, 18, 20, 23, 26, 2),
(34, 8, 1, 5, 3, 5, 7, 10, 15, 17, 18, 21, 23, 26, 1),
(35, 7, 1, 5, 1, 6, 9, 12, 15, 17, 19, 20, 23, 26, 2),
(36, 17, 1, 5, 3, 6, 8, 13, 15, 17, 19, 21, 23, 26, 1),
(37, 15, 1, 6, 3, 6, 9, 12, 15, 17, 19, 22, 23, 26, 3),
(38, 6, 1, 6, 2, 4, 8, 13, 14, 16, 19, 20, 25, 26, 2),
(39, 10, 1, 6, 3, 5, 8, 11, 14, 17, 18, 22, 23, 26, 1),
(40, 10, 1, 6, 3, 5, 8, 11, 14, 17, 19, 22, 23, 26, 1),
(41, 13, 1, 6, 3, 6, 9, 13, 14, 16, 18, 21, 25, 26, 1),
(42, 7, 1, 6, 1, 6, 9, 12, 15, 17, 19, 20, 23, 26, 2),
(43, 7, 1, 6, 1, 6, 9, 12, 15, 17, 19, 20, 23, 26, 2),
(44, 8, 1, 6, 3, 5, 7, 10, 15, 17, 18, 21, 23, 26, 1),
(45, 17, 1, 6, 3, 6, 8, 13, 15, 17, 19, 21, 23, 26, 1),
(46, 14, 1, 6, 1, 6, 9, 11, 14, 16, 19, 21, 25, 26, 2),
(47, 12, 1, 6, 3, 6, 8, 12, 14, 17, 18, 20, 23, 26, 1),
(48, 16, 1, 6, 1, 6, 9, 11, 14, 17, 19, 22, 23, 26, 3),
(49, 11, 1, 6, 1, 5, 7, 11, 15, 16, 19, 22, 23, 26, 2),
(50, 9, 1, 6, 3, 6, 8, 12, 14, 16, 18, 22, 25, 26, 2);

-- --------------------------------------------------------

--
-- Structure de la table `choixcorrections`
--

CREATE TABLE `choixcorrections` (
  `id` int(11) NOT NULL,
  `id_simu` int(11) NOT NULL,
  `id_equipe` int(11) NOT NULL,
  `id_suivi` int(11) NOT NULL,
  `id_event` int(11) NOT NULL,
  `id_correction` int(11) NOT NULL
) ENGINE=InnoDB DEFAULT CHARSET=utf8;

--
-- Déchargement des données de la table `choixcorrections`
--

INSERT INTO `choixcorrections` (`id`, `id_simu`, `id_equipe`, `id_suivi`, `id_event`, `id_correction`) VALUES
(6, 1, 6, 4, 1, 2),
(15, 1, 6, 5, 2, 4),
(28, 1, 6, 6, 3, 8),
(3, 1, 7, 4, 1, 2),
(25, 1, 7, 5, 2, 5),
(31, 1, 7, 6, 3, 6),
(11, 1, 8, 4, 1, 1),
(23, 1, 8, 5, 2, 4),
(24, 1, 8, 5, 2, 4),
(32, 1, 8, 6, 3, 6),
(33, 1, 8, 6, 3, 6),
(2, 1, 9, 4, 1, 3),
(17, 1, 9, 5, 2, 5),
(39, 1, 9, 6, 3, 8),
(8, 1, 10, 4, 1, 2),
(19, 1, 10, 5, 2, 4),
(20, 1, 10, 5, 2, 4),
(29, 1, 10, 6, 3, 8),
(4, 1, 11, 4, 1, 2),
(13, 1, 11, 5, 2, 5),
(38, 1, 11, 6, 3, 8),
(7, 1, 12, 4, 1, 2),
(22, 1, 12, 5, 2, 5),
(36, 1, 12, 6, 3, 8),
(10, 1, 13, 4, 1, 3),
(18, 1, 13, 5, 2, 4),
(30, 1, 13, 6, 3, 8),
(1, 1, 14, 4, 1, 2),
(21, 1, 14, 5, 2, 4),
(35, 1, 14, 6, 3, 8),
(5, 1, 15, 4, 1, 2),
(16, 1, 15, 5, 2, 5),
(27, 1, 15, 6, 3, 8),
(12, 1, 16, 4, 1, 1),
(14, 1, 16, 5, 2, 4),
(37, 1, 16, 6, 3, 6),
(9, 1, 17, 4, 1, 2),
(26, 1, 17, 5, 2, 4),
(34, 1, 17, 6, 3, 8);

-- --------------------------------------------------------

--
-- Structure de la table `choixmitigation`
--

CREATE TABLE `choixmitigation` (
  `id` int(4) NOT NULL,
  `id_simu` int(4) NOT NULL,
  `id_equipe` int(4) NOT NULL,
  `id_suivi` int(4) NOT NULL,
  `id_risque` int(4) NOT NULL,
  `id_mitigation` int(4) NOT NULL
) ENGINE=InnoDB DEFAULT CHARSET=utf8;

--
-- Déchargement des données de la table `choixmitigation`
--

INSERT INTO `choixmitigation` (`id`, `id_simu`, `id_equipe`, `id_suivi`, `id_risque`, `id_mitigation`) VALUES
(19, 1, 6, 2, 1, 2),
(20, 1, 6, 2, 2, 6),
(21, 1, 6, 2, 3, 12),
(22, 1, 6, 2, 4, 18),
(23, 1, 6, 2, 5, 21),
(24, 1, 6, 2, 6, 15),
(61, 1, 7, 2, 1, 4),
(62, 1, 7, 2, 2, 8),
(63, 1, 7, 2, 3, 12),
(64, 1, 7, 2, 4, 18),
(65, 1, 7, 2, 5, 21),
(66, 1, 7, 2, 6, 24),
(1, 1, 8, 2, 1, 4),
(2, 1, 8, 2, 2, 8),
(3, 1, 8, 2, 3, 12),
(4, 1, 8, 2, 4, 18),
(5, 1, 8, 2, 5, 21),
(6, 1, 8, 2, 6, 24),
(31, 1, 9, 2, 1, 3),
(32, 1, 9, 2, 2, 7),
(33, 1, 9, 2, 3, 12),
(34, 1, 9, 2, 4, 17),
(35, 1, 9, 2, 5, 21),
(36, 1, 9, 2, 6, 22),
(43, 1, 10, 2, 1, 3),
(44, 1, 10, 2, 2, 7),
(45, 1, 10, 2, 3, 11),
(46, 1, 10, 2, 4, 17),
(47, 1, 10, 2, 5, 21),
(48, 1, 10, 2, 6, 22),
(55, 1, 11, 2, 1, 4),
(56, 1, 11, 2, 2, 8),
(57, 1, 11, 2, 3, 12),
(58, 1, 11, 2, 4, 18),
(59, 1, 11, 2, 5, 21),
(60, 1, 11, 2, 6, 15),
(13, 1, 12, 2, 1, 3),
(14, 1, 12, 2, 2, 8),
(15, 1, 12, 2, 3, 12),
(16, 1, 12, 2, 4, 18),
(17, 1, 12, 2, 5, 20),
(18, 1, 12, 2, 6, 23),
(37, 1, 13, 2, 1, 3),
(38, 1, 13, 2, 2, 6),
(39, 1, 13, 2, 3, 12),
(40, 1, 13, 2, 4, 18),
(41, 1, 13, 2, 5, 21),
(42, 1, 13, 2, 6, 23),
(25, 1, 14, 2, 1, 4),
(26, 1, 14, 2, 2, 5),
(27, 1, 14, 2, 3, 11),
(28, 1, 14, 2, 4, 13),
(29, 1, 14, 2, 5, 21),
(30, 1, 14, 2, 6, 23),
(7, 1, 15, 2, 1, 1),
(8, 1, 15, 2, 2, 6),
(9, 1, 15, 2, 3, 12),
(10, 1, 15, 2, 4, 18),
(11, 1, 15, 2, 5, 21),
(12, 1, 15, 2, 6, 24),
(49, 1, 16, 2, 1, 1),
(50, 1, 16, 2, 2, 5),
(51, 1, 16, 2, 3, 12),
(52, 1, 16, 2, 4, 18),
(53, 1, 16, 2, 5, 21),
(54, 1, 16, 2, 6, 24),
(67, 1, 17, 2, 1, 4),
(68, 1, 17, 2, 2, 6),
(69, 1, 17, 2, 3, 12),
(70, 1, 17, 2, 4, 13),
(71, 1, 17, 2, 5, 21),
(72, 1, 17, 2, 6, 24);

-- --------------------------------------------------------

--
-- Structure de la table `composant`
--

CREATE TABLE `composant` (
  `id` int(11) NOT NULL,
  `nom` tinytext CHARACTER SET utf8 COLLATE utf8_unicode_ci NOT NULL,
  `type` tinytext NOT NULL,
  `poids` int(11) NOT NULL,
  `puissance` int(11) NOT NULL,
  `duree_sup_proto` int(11) NOT NULL,
  `cout_unit_proto` int(11) NOT NULL,
  `duree_sup_prod` int(11) NOT NULL,
  `cout_unit_prod` int(11) NOT NULL,
  `point_qualite` int(11) NOT NULL,
  `niveau_qualite` int(11) NOT NULL,
  `qualite_hasard` int(11) NOT NULL COMMENT 'Variations de qualité générée au hasard',
  `id_simulation` int(11) NOT NULL
) ENGINE=InnoDB DEFAULT CHARSET=utf8;

--
-- Déchargement des données de la table `composant`
--

INSERT INTO `composant` (`id`, `nom`, `type`, `poids`, `puissance`, `duree_sup_proto`, `cout_unit_proto`, `duree_sup_prod`, `cout_unit_prod`, `point_qualite`, `niveau_qualite`, `qualite_hasard`, `id_simulation`) VALUES
(1, 'VisonPlus', 'Ecran tactile', 200, 400, 1, 310, 3, 210, 18, 1, 3, 1),
(2, 'MagicScreen', 'Ecran tactile', 300, 450, 4, 390, 2, 285, 24, 3, 16, 1),
(3, 'BildPix', 'Ecran tactile', 150, 370, 2, 250, 0, 180, 20, 2, 0, 1),
(4, 'Neutron B6', 'Processeur', 130, 200, 2, 158, 6, 102, 24, 2, 5, 1),
(5, 'Tigra 3', 'Processeur', 110, 180, 0, 119, 9, 54, 19, 1, 2, 1),
(6, 'Neuron A9X', 'Processeur', 85, 220, 0, 176, 8, 93, 21, 2, 1, 1),
(7, 'Access16Go', 'Memoire', 20, 80, 1, 25, 0, 10, 19, 2, 0, 1),
(8, 'Freedom', 'Memoire', 50, 95, 3, 55, 2, 30, 25, 1, 0, 1),
(9, 'StarMemory', 'Memoire', 40, 120, 0, 40, 3, 20, 22, 1, 1, 1),
(10, 'WiFi + Bluetooth ', 'Connexion sans fil', 17, 45, 1, 12, 0, 5, 19, 1, 2, 1),
(11, 'WiFi + Bluetooth + 3G', 'Connexion sans fil', 28, 57, 0, 19, 3, 8, 22, 1, 0, 1),
(12, 'WiFi + Bluetooth + 4G', 'Connexion sans fil', 31, 68, 3, 34, 4, 18, 25, 2, 6, 1),
(13, 'WiFi + Bluetooth + 3G +LiFi', 'Connexion sans fil', 46, 90, 8, 60, 7, 41, 35, 3, 13, 1),
(14, 'Lithium-metal-polymeres', 'Batterie', 210, 1200, 2, 80, 3, 50, 25, 2, 0, 1),
(15, 'Lithium-ion', 'Batterie', 250, 1500, 0, 55, 5, 30, 21, 1, 2, 1),
(16, 'Colormedia', 'Camera', 60, 70, 2, 40, 4, 18, 23, 2, 8, 1),
(17, 'Oeil2lynx', 'Camera', 45, 95, 1, 30, 0, 14, 21, 1, 2, 1),
(18, 'Spycam', 'Webcam', 28, 58, 2, 35, 1, 14, 16, 3, 23, 1),
(19, 'Facemathon', 'Webcam', 34, 63, 1, 41, 1, 17, 14, 2, 5, 1),
(20, 'GPSGalactic', 'GPS', 75, 200, 0, 16, 3, 10, 15, 2, 6, 1),
(21, 'GPSUniverse', 'GPS', 50, 220, 3, 25, 7, 14, 21, 1, 3, 1),
(22, 'GPSWorld', 'GPS', 45, 175, 1, 11, 0, 6, 11, 2, 2, 1),
(23, 'Slide', 'Clavier', 200, 0, 6, 270, 40, 42, 26, 2, 2, 1),
(24, 'Dock', 'Clavier', 500, 0, 4, 320, 25, 58, 24, 1, 3, 1),
(25, 'Pas de clavier', 'Clavier', 0, 0, 0, 0, 0, 0, 0, 0, 0, 1),
(26, 'Boitier unique', 'Boitier', 105, 0, 0, 158, 0, 36, 20, 0, 0, 1);

-- --------------------------------------------------------

--
-- Structure de la table `contraintepays`
--

CREATE TABLE `contraintepays` (
  `id` int(11) NOT NULL,
  `IdSimu` int(11) NOT NULL,
  `Pays` tinytext CHARACTER SET utf8 COLLATE utf8_unicode_ci NOT NULL,
  `NbStag` tinyint(4) NOT NULL,
  `NbOuvrier` tinyint(4) NOT NULL,
  `HeureHebdomadaire` tinyint(4) NOT NULL,
  `JourHebdomadaire` int(11) NOT NULL,
  `MaxHeureSup` tinyint(4) NOT NULL,
  `CoutHoraireIng` int(4) NOT NULL,
  `CoutHoraireTech` int(4) NOT NULL,
  `CoutHoraireOuvrier` int(4) NOT NULL,
  `ConversionDollarLocal` double NOT NULL COMMENT '1 USD = X local currency'
) ENGINE=InnoDB DEFAULT CHARSET=utf8;

--
-- Déchargement des données de la table `contraintepays`
--

INSERT INTO `contraintepays` (`id`, `IdSimu`, `Pays`, `NbStag`, `NbOuvrier`, `HeureHebdomadaire`, `JourHebdomadaire`, `MaxHeureSup`, `CoutHoraireIng`, `CoutHoraireTech`, `CoutHoraireOuvrier`, `ConversionDollarLocal`) VALUES
(1, 1, 'France', 4, 0, 40, 5, 3, 31, 27, 15, 0.89),
(2, 1, 'Canada', 4, 0, 40, 5, 4, 35, 21, 11, 1.32),
(3, 1, 'Japon', 4, 16, 40, 5, 2, 3782, 2884, 1569, 120.45);

-- --------------------------------------------------------

--
-- Structure de la table `correctionsevent`
--

CREATE TABLE `correctionsevent` (
  `id` int(11) NOT NULL,
  `id_event` int(11) NOT NULL,
  `nom` text NOT NULL,
  `qualite` int(11) NOT NULL,
  `cout` int(11) NOT NULL,
  `delai` int(11) NOT NULL
) ENGINE=InnoDB DEFAULT CHARSET=utf8;

--
-- Déchargement des données de la table `correctionsevent`
--

INSERT INTO `correctionsevent` (`id`, `id_event`, `nom`, `qualite`, `cout`, `delai`) VALUES
(1, 1, 'Ne pas modifier le prototype', 5, 0, 0),
(2, 1, 'Demander une adaptation de la carte de la part du fournisseur', 14, 115, 5),
(3, 1, 'Faire fabriquer sur mesure la carte m&egrave;re', 25, 137, 11),
(4, 2, 'Achat de la machine', 0, 132000, 5),
(5, 2, 'Modification de la machine', 20, 44350, 7),
(6, 3, 'Continuer avec le d&eacute;faut', 34, 0, 0),
(7, 3, 'Relancer une production aupr&egrave;s du m&ecirc;me fournisseur', 21, 34390, 18),
(8, 3, 'Changer de fournisseur', 9, 25780, 25);

-- --------------------------------------------------------

--
-- Structure de la table `datessuivi`
--

CREATE TABLE `datessuivi` (
  `id` int(11) NOT NULL,
  `IdSimulation` int(11) NOT NULL,
  `dateDebut` date NOT NULL,
  `dateFin` date NOT NULL
) ENGINE=InnoDB DEFAULT CHARSET=utf8;

--
-- Déchargement des données de la table `datessuivi`
--

INSERT INTO `datessuivi` (`id`, `IdSimulation`, `dateDebut`, `dateFin`) VALUES
(2, 1, '2015-10-23', '2015-11-06'),
(4, 1, '2015-11-08', '2015-11-15'),
(5, 1, '2015-11-15', '2015-11-18'),
(6, 1, '2015-11-19', '2015-11-25');

-- --------------------------------------------------------

--
-- Structure de la table `evenements`
--

CREATE TABLE `evenements` (
  `id` int(11) NOT NULL,
  `id_simu` int(11) NOT NULL,
  `id_suivi` int(11) NOT NULL,
  `nom` text NOT NULL,
  `description` text NOT NULL
) ENGINE=InnoDB DEFAULT CHARSET=utf8;

--
-- Déchargement des données de la table `evenements`
--

INSERT INTO `evenements` (`id`, `id_simu`, `id_suivi`, `nom`, `description`) VALUES
(1, 1, 4, 'Prototype non valid&eacute;', 'La r&eacute;alisation d&rsquo;un prototype a pour objectif de valider ou non certaines hypoth&egrave;ses faites concernant le futur produit. Dans le cas pr&eacute;sent, le prototype a r&eacute;v&eacute;l&eacute; une incompatibilit&eacute; entre deux  composants. La carte qui g&egrave;re le retour haptique et la carte m&egrave;re auraient des incompatibilit&eacute;s menant &agrave; des r&eacute;actions inattendues de la tablette.'),
(2, 1, 5, 'Sous &eacute;valuations des investissements', 'Des erreurs d&rsquo;&eacute;valuations ont &eacute;t&eacute; faite lors de l&rsquo;&eacute;valuation des investissements pendant l&rsquo;&eacute;tude d&eacute;taill&eacute;e. Afin de r&eacute;duire au maximum le temps n&eacute;cessaire, elle avait &eacute;t&eacute; r&eacute;alis&eacute;e &agrave; partir de l&rsquo;&eacute;tude pr&eacute;liminaire faite par un stagiaire. Le r&eacute;sultat de cette erreur est qu&rsquo;une machine essentielle &agrave; la r&eacute;alisation des tablettes est manquante. Malgr&eacute; le fait qu&rsquo;une nouvelle machine soit n&eacute;cessaire, il est possible d&rsquo;en adapter une pour r&eacute;aliser la t&acirc;che technique. Bien entendu, l&rsquo;adaptation et la modification du mat&eacute;riel que poss&egrave;de Macrosoft n&rsquo;est pas sans poser probl&egrave;me, cela a un co&ucirc;t mais aussi une r&eacute;percussion sur la qualit&eacute;.'),
(3, 1, 6, 'D&eacute;faut du boitier', 'Des probl&egrave;mes ont &eacute;t&eacute; constat&eacute;s sur le boitier de la tablette, sa conception et surtout son mat&eacute;riaux diminuerait significativement les performances de la tablette en terme de connexion sans fil type Wifi et Bluetooth ainsi que la capacit&eacute; &agrave; se connecter aux satellites pour utiliser la fonctionnalit&eacute; GPS. Le fournisseur de boitier nie toutes responsabilit&eacute;s concernant ce probl&egrave;me, consid&eacute;rant qu&rsquo;il n&rsquo;a fait que respecter le cahier des charges qui lui a &eacute;t&eacute; fourni. Bien entendu, le bureau de R&amp;D consid&egrave;re que celui-ci a &eacute;t&eacute; r&eacute;alis&eacute; correctement. Dans tous les cas une d&eacute;cision doit &ecirc;tre prise.');

-- --------------------------------------------------------

--
-- Structure de la table `groupe`
--

CREATE TABLE `groupe` (
  `id` int(11) NOT NULL,
  `name` varchar(50) NOT NULL
) ENGINE=MyISAM DEFAULT CHARSET=utf8;

--
-- Déchargement des données de la table `groupe`
--

INSERT INTO `groupe` (`id`, `name`) VALUES
(1, 'admin'),
(2, 'user');

-- --------------------------------------------------------

--
-- Structure de la table `ingenieuraffecte`
--

CREATE TABLE `ingenieuraffecte` (
  `IdIng` int(11) NOT NULL,
  `IdTacheSimul` int(11) NOT NULL
) ENGINE=InnoDB DEFAULT CHARSET=utf8;

--
-- Déchargement des données de la table `ingenieuraffecte`
--

INSERT INTO `ingenieuraffecte` (`IdIng`, `IdTacheSimul`) VALUES
(1, 47),
(1, 55),
(1, 56),
(1, 77),
(1, 105),
(1, 110),
(1, 112),
(1, 143),
(1, 171),
(1, 203),
(1, 259),
(1, 260),
(1, 261),
(1, 263),
(1, 264),
(1, 271),
(1, 293),
(1, 299),
(1, 323),
(1, 353),
(1, 383),
(1, 415),
(1, 445),
(1, 472),
(1, 474),
(1, 503),
(1, 511),
(1, 512),
(1, 533),
(1, 565),
(1, 593),
(1, 623),
(1, 650),
(1, 651),
(1, 653),
(1, 654),
(1, 661),
(1, 743),
(1, 749),
(1, 773),
(1, 781),
(1, 782),
(1, 805),
(1, 833),
(1, 863),
(1, 869),
(1, 894),
(1, 924),
(1, 956),
(1, 986),
(1, 1043),
(1, 1045),
(1, 1101),
(1, 1102),
(1, 1104),
(1, 1105),
(1, 1112),
(1, 1134),
(1, 1161),
(1, 1162),
(1, 1164),
(1, 1165),
(1, 1172),
(1, 1194),
(1, 1202),
(1, 1203),
(1, 1254),
(1, 1284),
(1, 1314),
(1, 1320),
(1, 1346),
(1, 1374),
(1, 1433),
(1, 1435),
(1, 1464),
(1, 1496),
(1, 1524),
(2, 44),
(2, 45),
(2, 47),
(2, 48),
(2, 49),
(2, 74),
(2, 75),
(2, 77),
(2, 78),
(2, 80),
(2, 85),
(2, 86),
(2, 105),
(2, 106),
(2, 107),
(2, 108),
(2, 109),
(2, 111),
(2, 113),
(2, 114),
(2, 117),
(2, 138),
(2, 139),
(2, 141),
(2, 142),
(2, 149),
(2, 168),
(2, 169),
(2, 171),
(2, 172),
(2, 174),
(2, 177),
(2, 201),
(2, 202),
(2, 209),
(2, 229),
(2, 230),
(2, 232),
(2, 233),
(2, 234),
(2, 235),
(2, 240),
(2, 241),
(2, 262),
(2, 263),
(2, 290),
(2, 292),
(2, 294),
(2, 295),
(2, 299),
(2, 301),
(2, 320),
(2, 321),
(2, 323),
(2, 324),
(2, 350),
(2, 351),
(2, 353),
(2, 354),
(2, 361),
(2, 380),
(2, 381),
(2, 383),
(2, 384),
(2, 386),
(2, 389),
(2, 413),
(2, 414),
(2, 421),
(2, 443),
(2, 444),
(2, 451),
(2, 470),
(2, 471),
(2, 473),
(2, 475),
(2, 476),
(2, 479),
(2, 500),
(2, 501),
(2, 503),
(2, 504),
(2, 505),
(2, 530),
(2, 531),
(2, 533),
(2, 534),
(2, 536),
(2, 541),
(2, 542),
(2, 560),
(2, 561),
(2, 563),
(2, 564),
(2, 571),
(2, 590),
(2, 591),
(2, 593),
(2, 594),
(2, 620),
(2, 621),
(2, 623),
(2, 624),
(2, 631),
(2, 652),
(2, 653),
(2, 710),
(2, 711),
(2, 713),
(2, 714),
(2, 715),
(2, 716),
(2, 721),
(2, 722),
(2, 740),
(2, 742),
(2, 744),
(2, 745),
(2, 749),
(2, 751),
(2, 770),
(2, 771),
(2, 773),
(2, 774),
(2, 775),
(2, 803),
(2, 804),
(2, 811),
(2, 830),
(2, 831),
(2, 833),
(2, 834),
(2, 836),
(2, 839),
(2, 860),
(2, 862),
(2, 864),
(2, 865),
(2, 869),
(2, 871),
(2, 891),
(2, 892),
(2, 894),
(2, 895),
(2, 902),
(2, 921),
(2, 922),
(2, 924),
(2, 925),
(2, 927),
(2, 932),
(2, 933),
(2, 951),
(2, 952),
(2, 954),
(2, 955),
(2, 962),
(2, 981),
(2, 982),
(2, 984),
(2, 985),
(2, 992),
(2, 1011),
(2, 1012),
(2, 1014),
(2, 1015),
(2, 1016),
(2, 1017),
(2, 1022),
(2, 1023),
(2, 1041),
(2, 1042),
(2, 1044),
(2, 1046),
(2, 1047),
(2, 1050),
(2, 1103),
(2, 1104),
(2, 1131),
(2, 1132),
(2, 1134),
(2, 1135),
(2, 1163),
(2, 1164),
(2, 1191),
(2, 1192),
(2, 1194),
(2, 1195),
(2, 1196),
(2, 1221),
(2, 1222),
(2, 1224),
(2, 1225),
(2, 1226),
(2, 1227),
(2, 1232),
(2, 1233),
(2, 1251),
(2, 1252),
(2, 1254),
(2, 1255),
(2, 1257),
(2, 1262),
(2, 1263),
(2, 1281),
(2, 1282),
(2, 1284),
(2, 1285),
(2, 1287),
(2, 1292),
(2, 1293),
(2, 1311),
(2, 1313),
(2, 1315),
(2, 1316),
(2, 1320),
(2, 1322),
(2, 1344),
(2, 1345),
(2, 1352),
(2, 1371),
(2, 1372),
(2, 1374),
(2, 1375),
(2, 1377),
(2, 1380),
(2, 1431),
(2, 1432),
(2, 1434),
(2, 1436),
(2, 1437),
(2, 1440),
(2, 1461),
(2, 1462),
(2, 1464),
(2, 1465),
(2, 1472),
(2, 1491),
(2, 1492),
(2, 1494),
(2, 1495),
(2, 1502),
(2, 1521),
(2, 1522),
(2, 1524),
(2, 1525),
(3, 1),
(3, 2),
(3, 4),
(3, 5),
(3, 6),
(3, 14),
(3, 15),
(3, 17),
(3, 18),
(3, 19),
(3, 76),
(3, 77),
(3, 79),
(3, 104),
(3, 105),
(3, 108),
(3, 109),
(3, 111),
(3, 113),
(3, 117),
(3, 140),
(3, 168),
(3, 169),
(3, 171),
(3, 172),
(3, 173),
(3, 179),
(3, 199),
(3, 210),
(3, 228),
(3, 229),
(3, 230),
(3, 232),
(3, 233),
(3, 234),
(3, 240),
(3, 265),
(3, 291),
(3, 293),
(3, 301),
(3, 322),
(3, 325),
(3, 350),
(3, 351),
(3, 353),
(3, 354),
(3, 380),
(3, 381),
(3, 383),
(3, 384),
(3, 385),
(3, 391),
(3, 411),
(3, 422),
(3, 441),
(3, 452),
(3, 470),
(3, 471),
(3, 473),
(3, 475),
(3, 479),
(3, 532),
(3, 533),
(3, 535),
(3, 562),
(3, 592),
(3, 595),
(3, 620),
(3, 621),
(3, 623),
(3, 624),
(3, 655),
(3, 680),
(3, 681),
(3, 683),
(3, 684),
(3, 685),
(3, 710),
(3, 711),
(3, 713),
(3, 714),
(3, 715),
(3, 721),
(3, 741),
(3, 743),
(3, 749),
(3, 751),
(3, 801),
(3, 812),
(3, 830),
(3, 831),
(3, 833),
(3, 834),
(3, 835),
(3, 841),
(3, 861),
(3, 863),
(3, 871),
(3, 891),
(3, 892),
(3, 894),
(3, 895),
(3, 923),
(3, 924),
(3, 926),
(3, 953),
(3, 983),
(3, 1011),
(3, 1012),
(3, 1014),
(3, 1015),
(3, 1016),
(3, 1022),
(3, 1041),
(3, 1042),
(3, 1044),
(3, 1046),
(3, 1050),
(3, 1071),
(3, 1072),
(3, 1074),
(3, 1075),
(3, 1076),
(3, 1106),
(3, 1133),
(3, 1136),
(3, 1166),
(3, 1221),
(3, 1222),
(3, 1224),
(3, 1225),
(3, 1226),
(3, 1232),
(3, 1253),
(3, 1254),
(3, 1256),
(3, 1283),
(3, 1284),
(3, 1286),
(3, 1312),
(3, 1314),
(3, 1322),
(3, 1342),
(3, 1353),
(3, 1371),
(3, 1372),
(3, 1374),
(3, 1375),
(3, 1376),
(3, 1382),
(3, 1401),
(3, 1402),
(3, 1404),
(3, 1405),
(3, 1406),
(3, 1431),
(3, 1432),
(3, 1434),
(3, 1436),
(3, 1440),
(3, 1461),
(3, 1462),
(3, 1464),
(3, 1465),
(3, 1493),
(3, 1523),
(3, 1526),
(4, 4),
(4, 17),
(4, 46),
(4, 55),
(4, 76),
(4, 77),
(4, 79),
(4, 85),
(4, 108),
(4, 109),
(4, 112),
(4, 117),
(4, 143),
(4, 170),
(4, 173),
(4, 198),
(4, 201),
(4, 202),
(4, 231),
(4, 262),
(4, 265),
(4, 271),
(4, 291),
(4, 293),
(4, 299),
(4, 323),
(4, 352),
(4, 355),
(4, 382),
(4, 385),
(4, 410),
(4, 413),
(4, 414),
(4, 440),
(4, 443),
(4, 444),
(4, 470),
(4, 471),
(4, 474),
(4, 479),
(4, 502),
(4, 511),
(4, 532),
(4, 533),
(4, 535),
(4, 541),
(4, 565),
(4, 593),
(4, 622),
(4, 625),
(4, 652),
(4, 655),
(4, 661),
(4, 683),
(4, 712),
(4, 741),
(4, 743),
(4, 749),
(4, 772),
(4, 781),
(4, 800),
(4, 803),
(4, 804),
(4, 832),
(4, 835),
(4, 861),
(4, 863),
(4, 869),
(4, 893),
(4, 896),
(4, 923),
(4, 924),
(4, 926),
(4, 932),
(4, 956),
(4, 986),
(4, 1013),
(4, 1041),
(4, 1042),
(4, 1045),
(4, 1050),
(4, 1074),
(4, 1103),
(4, 1106),
(4, 1112),
(4, 1134),
(4, 1163),
(4, 1166),
(4, 1172),
(4, 1193),
(4, 1202),
(4, 1223),
(4, 1253),
(4, 1254),
(4, 1256),
(4, 1262),
(4, 1283),
(4, 1284),
(4, 1286),
(4, 1292),
(4, 1312),
(4, 1314),
(4, 1320),
(4, 1341),
(4, 1344),
(4, 1345),
(4, 1373),
(4, 1376),
(4, 1404),
(4, 1431),
(4, 1432),
(4, 1435),
(4, 1440),
(4, 1463),
(4, 1466),
(4, 1496),
(4, 1524),
(5, 1),
(5, 2),
(5, 3),
(5, 4),
(5, 5),
(5, 6),
(5, 7),
(5, 10),
(5, 12),
(5, 13),
(5, 14),
(5, 15),
(5, 16),
(5, 17),
(5, 18),
(5, 19),
(5, 20),
(5, 23),
(5, 25),
(5, 26),
(5, 44),
(5, 45),
(5, 47),
(5, 48),
(5, 49),
(5, 74),
(5, 75),
(5, 77),
(5, 78),
(5, 110),
(5, 112),
(5, 120),
(5, 140),
(5, 141),
(5, 143),
(5, 180),
(5, 198),
(5, 200),
(5, 203),
(5, 204),
(5, 231),
(5, 260),
(5, 261),
(5, 263),
(5, 264),
(5, 290),
(5, 294),
(5, 295),
(5, 299),
(5, 320),
(5, 321),
(5, 324),
(5, 325),
(5, 326),
(5, 331),
(5, 332),
(5, 355),
(5, 392),
(5, 410),
(5, 412),
(5, 415),
(5, 416),
(5, 440),
(5, 442),
(5, 445),
(5, 446),
(5, 472),
(5, 474),
(5, 482),
(5, 500),
(5, 501),
(5, 503),
(5, 504),
(5, 505),
(5, 530),
(5, 531),
(5, 533),
(5, 534),
(5, 562),
(5, 563),
(5, 565),
(5, 590),
(5, 591),
(5, 594),
(5, 595),
(5, 596),
(5, 599),
(5, 601),
(5, 625),
(5, 650),
(5, 651),
(5, 653),
(5, 654),
(5, 659),
(5, 662),
(5, 680),
(5, 681),
(5, 682),
(5, 683),
(5, 684),
(5, 685),
(5, 686),
(5, 689),
(5, 691),
(5, 692),
(5, 712),
(5, 740),
(5, 744),
(5, 745),
(5, 770),
(5, 771),
(5, 773),
(5, 774),
(5, 775),
(5, 800),
(5, 802),
(5, 805),
(5, 806),
(5, 842),
(5, 860),
(5, 864),
(5, 865),
(5, 869),
(5, 896),
(5, 921),
(5, 922),
(5, 924),
(5, 925),
(5, 953),
(5, 954),
(5, 956),
(5, 983),
(5, 984),
(5, 986),
(5, 1013),
(5, 1043),
(5, 1045),
(5, 1053),
(5, 1071),
(5, 1072),
(5, 1073),
(5, 1074),
(5, 1075),
(5, 1076),
(5, 1077),
(5, 1080),
(5, 1082),
(5, 1083),
(5, 1101),
(5, 1102),
(5, 1104),
(5, 1105),
(5, 1131),
(5, 1132),
(5, 1135),
(5, 1136),
(5, 1137),
(5, 1140),
(5, 1142),
(5, 1161),
(5, 1162),
(5, 1164),
(5, 1165),
(5, 1191),
(5, 1192),
(5, 1194),
(5, 1195),
(5, 1196),
(5, 1223),
(5, 1251),
(5, 1252),
(5, 1254),
(5, 1255),
(5, 1281),
(5, 1282),
(5, 1284),
(5, 1285),
(5, 1311),
(5, 1315),
(5, 1316),
(5, 1320),
(5, 1341),
(5, 1343),
(5, 1346),
(5, 1347),
(5, 1383),
(5, 1401),
(5, 1402),
(5, 1403),
(5, 1404),
(5, 1405),
(5, 1406),
(5, 1407),
(5, 1410),
(5, 1412),
(5, 1413),
(5, 1433),
(5, 1435),
(5, 1443),
(5, 1466),
(5, 1493),
(5, 1494),
(5, 1496),
(5, 1521),
(5, 1522),
(5, 1525),
(5, 1526),
(5, 1527),
(5, 1530),
(5, 1532),
(6, 1),
(6, 2),
(6, 3),
(6, 4),
(6, 5),
(6, 6),
(6, 12),
(6, 14),
(6, 15),
(6, 16),
(6, 17),
(6, 18),
(6, 19),
(6, 25),
(6, 44),
(6, 45),
(6, 47),
(6, 48),
(6, 49),
(6, 50),
(6, 53),
(6, 74),
(6, 75),
(6, 77),
(6, 78),
(6, 83),
(6, 111),
(6, 113),
(6, 119),
(6, 138),
(6, 139),
(6, 141),
(6, 142),
(6, 149),
(6, 168),
(6, 169),
(6, 170),
(6, 172),
(6, 173),
(6, 179),
(6, 198),
(6, 199),
(6, 201),
(6, 202),
(6, 209),
(6, 228),
(6, 229),
(6, 230),
(6, 232),
(6, 233),
(6, 234),
(6, 260),
(6, 261),
(6, 263),
(6, 264),
(6, 266),
(6, 269),
(6, 272),
(6, 291),
(6, 293),
(6, 320),
(6, 321),
(6, 323),
(6, 324),
(6, 329),
(6, 352),
(6, 355),
(6, 361),
(6, 380),
(6, 381),
(6, 382),
(6, 384),
(6, 385),
(6, 391),
(6, 410),
(6, 411),
(6, 413),
(6, 414),
(6, 421),
(6, 440),
(6, 441),
(6, 443),
(6, 444),
(6, 451),
(6, 473),
(6, 475),
(6, 481),
(6, 500),
(6, 501),
(6, 503),
(6, 504),
(6, 505),
(6, 506),
(6, 509),
(6, 530),
(6, 531),
(6, 533),
(6, 534),
(6, 539),
(6, 560),
(6, 561),
(6, 563),
(6, 564),
(6, 571),
(6, 590),
(6, 591),
(6, 593),
(6, 594),
(6, 622),
(6, 625),
(6, 631),
(6, 650),
(6, 651),
(6, 653),
(6, 654),
(6, 656),
(6, 680),
(6, 681),
(6, 682),
(6, 683),
(6, 684),
(6, 685),
(6, 691),
(6, 710),
(6, 711),
(6, 713),
(6, 714),
(6, 715),
(6, 741),
(6, 743),
(6, 770),
(6, 771),
(6, 773),
(6, 774),
(6, 775),
(6, 776),
(6, 779),
(6, 800),
(6, 801),
(6, 803),
(6, 804),
(6, 811),
(6, 830),
(6, 831),
(6, 832),
(6, 834),
(6, 835),
(6, 841),
(6, 861),
(6, 863),
(6, 893),
(6, 896),
(6, 902),
(6, 921),
(6, 922),
(6, 924),
(6, 925),
(6, 930),
(6, 951),
(6, 952),
(6, 954),
(6, 955),
(6, 962),
(6, 981),
(6, 982),
(6, 984),
(6, 985),
(6, 992),
(6, 1011),
(6, 1012),
(6, 1014),
(6, 1015),
(6, 1016),
(6, 1044),
(6, 1046),
(6, 1052),
(6, 1071),
(6, 1072),
(6, 1073),
(6, 1074),
(6, 1075),
(6, 1076),
(6, 1082),
(6, 1101),
(6, 1102),
(6, 1104),
(6, 1105),
(6, 1107),
(6, 1110),
(6, 1113),
(6, 1131),
(6, 1132),
(6, 1134),
(6, 1135),
(6, 1161),
(6, 1162),
(6, 1164),
(6, 1165),
(6, 1167),
(6, 1170),
(6, 1173),
(6, 1191),
(6, 1192),
(6, 1194),
(6, 1195),
(6, 1196),
(6, 1197),
(6, 1200),
(6, 1221),
(6, 1222),
(6, 1224),
(6, 1225),
(6, 1226),
(6, 1251),
(6, 1252),
(6, 1254),
(6, 1255),
(6, 1260),
(6, 1281),
(6, 1282),
(6, 1284),
(6, 1285),
(6, 1290),
(6, 1312),
(6, 1314),
(6, 1341),
(6, 1342),
(6, 1344),
(6, 1345),
(6, 1352),
(6, 1371),
(6, 1372),
(6, 1373),
(6, 1375),
(6, 1376),
(6, 1382),
(6, 1401),
(6, 1402),
(6, 1403),
(6, 1404),
(6, 1405),
(6, 1406),
(6, 1412),
(6, 1434),
(6, 1436),
(6, 1442),
(6, 1463),
(6, 1466),
(6, 1472),
(6, 1491),
(6, 1492),
(6, 1494),
(6, 1495),
(6, 1502),
(6, 1521),
(6, 1522),
(6, 1524),
(6, 1525),
(7, 46),
(7, 77),
(7, 79),
(7, 111),
(7, 114),
(7, 119),
(7, 138),
(7, 139),
(7, 141),
(7, 142),
(7, 144),
(7, 147),
(7, 150),
(7, 171),
(7, 199),
(7, 201),
(7, 207),
(7, 228),
(7, 232),
(7, 238),
(7, 265),
(7, 290),
(7, 292),
(7, 294),
(7, 295),
(7, 296),
(7, 299),
(7, 302),
(7, 322),
(7, 325),
(7, 331),
(7, 350),
(7, 351),
(7, 353),
(7, 354),
(7, 356),
(7, 359),
(7, 383),
(7, 411),
(7, 413),
(7, 419),
(7, 441),
(7, 443),
(7, 449),
(7, 473),
(7, 476),
(7, 481),
(7, 502),
(7, 533),
(7, 535),
(7, 560),
(7, 561),
(7, 563),
(7, 564),
(7, 566),
(7, 569),
(7, 572),
(7, 592),
(7, 595),
(7, 601),
(7, 620),
(7, 621),
(7, 623),
(7, 624),
(7, 626),
(7, 629),
(7, 655),
(7, 713),
(7, 719),
(7, 740),
(7, 742),
(7, 744),
(7, 745),
(7, 746),
(7, 752),
(7, 772),
(7, 801),
(7, 803),
(7, 809),
(7, 833),
(7, 860),
(7, 862),
(7, 864),
(7, 865),
(7, 866),
(7, 869),
(7, 872),
(7, 891),
(7, 892),
(7, 894),
(7, 895),
(7, 897),
(7, 900),
(7, 924),
(7, 926),
(7, 951),
(7, 952),
(7, 954),
(7, 955),
(7, 957),
(7, 960),
(7, 963),
(7, 981),
(7, 982),
(7, 984),
(7, 985),
(7, 987),
(7, 990),
(7, 993),
(7, 1014),
(7, 1020),
(7, 1044),
(7, 1047),
(7, 1052),
(7, 1106),
(7, 1133),
(7, 1136),
(7, 1142),
(7, 1166),
(7, 1193),
(7, 1224),
(7, 1230),
(7, 1254),
(7, 1256),
(7, 1284),
(7, 1286),
(7, 1311),
(7, 1313),
(7, 1315),
(7, 1316),
(7, 1317),
(7, 1320),
(7, 1323),
(7, 1342),
(7, 1344),
(7, 1350),
(7, 1374),
(7, 1434),
(7, 1437),
(7, 1442),
(7, 1461),
(7, 1462),
(7, 1464),
(7, 1465),
(7, 1467),
(7, 1470),
(7, 1491),
(7, 1492),
(7, 1494),
(7, 1495),
(7, 1497),
(7, 1500),
(7, 1503),
(7, 1523),
(7, 1526),
(7, 1532),
(12, 27),
(12, 29),
(12, 30),
(12, 32),
(12, 33),
(12, 35),
(12, 36),
(12, 62),
(12, 65),
(12, 92),
(12, 95),
(12, 123),
(12, 125),
(12, 130),
(12, 156),
(12, 159),
(12, 184),
(12, 186),
(12, 189),
(12, 211),
(12, 216),
(12, 220),
(12, 245),
(12, 247),
(12, 250),
(12, 278),
(12, 281),
(12, 311),
(12, 312),
(12, 338),
(12, 368),
(12, 398),
(12, 401),
(12, 402),
(12, 423),
(12, 428),
(12, 432),
(12, 453),
(12, 458),
(12, 462),
(12, 485),
(12, 487),
(12, 492),
(12, 518),
(12, 521),
(12, 548),
(12, 551),
(12, 578),
(12, 581),
(12, 638),
(12, 668),
(12, 671),
(12, 672),
(12, 693),
(12, 695),
(12, 696),
(12, 698),
(12, 699),
(12, 701),
(12, 702),
(12, 726),
(12, 728),
(12, 731),
(12, 761),
(12, 762),
(12, 791),
(12, 813),
(12, 818),
(12, 822),
(12, 848),
(12, 851),
(12, 881),
(12, 882),
(12, 890),
(12, 909),
(12, 939),
(12, 942),
(12, 969),
(12, 972),
(12, 999),
(12, 1002),
(12, 1027),
(12, 1029),
(12, 1032),
(12, 1056),
(12, 1058),
(12, 1063),
(12, 1084),
(12, 1086),
(12, 1087),
(12, 1089),
(12, 1090),
(12, 1092),
(12, 1093),
(12, 1119),
(12, 1122),
(12, 1123),
(12, 1179),
(12, 1182),
(12, 1183),
(12, 1212),
(12, 1237),
(12, 1239),
(12, 1242),
(12, 1243),
(12, 1269),
(12, 1272),
(12, 1273),
(12, 1299),
(12, 1302),
(12, 1303),
(12, 1330),
(12, 1332),
(12, 1333),
(12, 1354),
(12, 1359),
(12, 1363),
(12, 1389),
(12, 1392),
(12, 1414),
(12, 1416),
(12, 1417),
(12, 1419),
(12, 1420),
(12, 1422),
(12, 1423),
(12, 1446),
(12, 1448),
(12, 1450),
(12, 1479),
(12, 1509),
(12, 1512),
(13, 30),
(13, 32),
(13, 35),
(13, 36),
(13, 59),
(13, 60),
(13, 62),
(13, 63),
(13, 66),
(13, 89),
(13, 92),
(13, 93),
(13, 96),
(13, 124),
(13, 126),
(13, 127),
(13, 129),
(13, 154),
(13, 156),
(13, 159),
(13, 160),
(13, 183),
(13, 184),
(13, 185),
(13, 187),
(13, 216),
(13, 217),
(13, 219),
(13, 242),
(13, 245),
(13, 246),
(13, 248),
(13, 250),
(13, 251),
(13, 276),
(13, 278),
(13, 281),
(13, 282),
(13, 305),
(13, 306),
(13, 307),
(13, 309),
(13, 312),
(13, 333),
(13, 336),
(13, 337),
(13, 339),
(13, 341),
(13, 342),
(13, 366),
(13, 368),
(13, 369),
(13, 372),
(13, 395),
(13, 397),
(13, 399),
(13, 401),
(13, 426),
(13, 428),
(13, 429),
(13, 431),
(13, 456),
(13, 458),
(13, 459),
(13, 461),
(13, 486),
(13, 488),
(13, 489),
(13, 491),
(13, 515),
(13, 516),
(13, 518),
(13, 519),
(13, 522),
(13, 545),
(13, 548),
(13, 552),
(13, 576),
(13, 578),
(13, 581),
(13, 582),
(13, 607),
(13, 608),
(13, 611),
(13, 612),
(13, 636),
(13, 638),
(13, 639),
(13, 642),
(13, 666),
(13, 671),
(13, 698),
(13, 699),
(13, 701),
(13, 702),
(13, 723),
(13, 726),
(13, 727),
(13, 728),
(13, 729),
(13, 731),
(13, 732),
(13, 755),
(13, 756),
(13, 757),
(13, 759),
(13, 760),
(13, 762),
(13, 785),
(13, 786),
(13, 788),
(13, 789),
(13, 792),
(13, 816),
(13, 818),
(13, 819),
(13, 821),
(13, 845),
(13, 875),
(13, 876),
(13, 877),
(13, 879),
(13, 907),
(13, 909),
(13, 910),
(13, 913),
(13, 936),
(13, 939),
(13, 940),
(13, 943),
(13, 967),
(13, 969),
(13, 970),
(13, 972),
(13, 973),
(13, 997),
(13, 999),
(13, 1000),
(13, 1002),
(13, 1003),
(13, 1024),
(13, 1027),
(13, 1028),
(13, 1029),
(13, 1030),
(13, 1032),
(13, 1033),
(13, 1057),
(13, 1059),
(13, 1060),
(13, 1062),
(13, 1089),
(13, 1090),
(13, 1092),
(13, 1093),
(13, 1117),
(13, 1122),
(13, 1147),
(13, 1148),
(13, 1149),
(13, 1150),
(13, 1152),
(13, 1153),
(13, 1177),
(13, 1179),
(13, 1182),
(13, 1206),
(13, 1207),
(13, 1209),
(13, 1234),
(13, 1237),
(13, 1238),
(13, 1239),
(13, 1240),
(13, 1242),
(13, 1243),
(13, 1266),
(13, 1269),
(13, 1270),
(13, 1273),
(13, 1296),
(13, 1299),
(13, 1300),
(13, 1303),
(13, 1326),
(13, 1327),
(13, 1328),
(13, 1330),
(13, 1333),
(13, 1357),
(13, 1359),
(13, 1360),
(13, 1362),
(13, 1386),
(13, 1419),
(13, 1420),
(13, 1422),
(13, 1423),
(13, 1447),
(13, 1449),
(13, 1450),
(13, 1452),
(13, 1453),
(13, 1477),
(13, 1479),
(13, 1480),
(13, 1483),
(13, 1507),
(13, 1509),
(13, 1510),
(13, 1512),
(13, 1513),
(13, 1537),
(13, 1538),
(13, 1539),
(13, 1540),
(13, 1542),
(13, 1543),
(14, 32),
(14, 35),
(14, 57),
(14, 60),
(14, 61),
(14, 63),
(14, 66),
(14, 87),
(14, 90),
(14, 91),
(14, 93),
(14, 96),
(14, 121),
(14, 130),
(14, 153),
(14, 156),
(14, 186),
(14, 189),
(14, 190),
(14, 215),
(14, 219),
(14, 245),
(14, 250),
(14, 275),
(14, 306),
(14, 308),
(14, 311),
(14, 312),
(14, 336),
(14, 338),
(14, 341),
(14, 342),
(14, 368),
(14, 369),
(14, 372),
(14, 396),
(14, 398),
(14, 401),
(14, 402),
(14, 427),
(14, 431),
(14, 457),
(14, 461),
(14, 483),
(14, 492),
(14, 513),
(14, 516),
(14, 517),
(14, 519),
(14, 522),
(14, 543),
(14, 546),
(14, 547),
(14, 549),
(14, 552),
(14, 575),
(14, 578),
(14, 603),
(14, 608),
(14, 611),
(14, 612),
(14, 638),
(14, 639),
(14, 642),
(14, 663),
(14, 672),
(14, 698),
(14, 701),
(14, 731),
(14, 756),
(14, 758),
(14, 761),
(14, 762),
(14, 783),
(14, 788),
(14, 817),
(14, 821),
(14, 846),
(14, 847),
(14, 848),
(14, 851),
(14, 852),
(14, 876),
(14, 878),
(14, 881),
(14, 882),
(14, 909),
(14, 910),
(14, 913),
(14, 934),
(14, 937),
(14, 938),
(14, 940),
(14, 943),
(14, 966),
(14, 969),
(14, 996),
(14, 999),
(14, 1032),
(14, 1054),
(14, 1059),
(14, 1063),
(14, 1089),
(14, 1092),
(14, 1116),
(14, 1123),
(14, 1144),
(14, 1149),
(14, 1152),
(14, 1153),
(14, 1176),
(14, 1183),
(14, 1204),
(14, 1209),
(14, 1210),
(14, 1213),
(14, 1242),
(14, 1243),
(14, 1264),
(14, 1267),
(14, 1268),
(14, 1270),
(14, 1273),
(14, 1294),
(14, 1297),
(14, 1298),
(14, 1300),
(14, 1303),
(14, 1327),
(14, 1329),
(14, 1330),
(14, 1332),
(14, 1333),
(14, 1358),
(14, 1362),
(14, 1387),
(14, 1388),
(14, 1389),
(14, 1390),
(14, 1392),
(14, 1393),
(14, 1419),
(14, 1422),
(14, 1444),
(14, 1449),
(14, 1453),
(14, 1479),
(14, 1480),
(14, 1483),
(14, 1506),
(14, 1509),
(14, 1534),
(14, 1539),
(14, 1542),
(14, 1543),
(15, 31),
(15, 35),
(15, 65),
(15, 95),
(15, 124),
(15, 129),
(15, 189),
(15, 216),
(15, 219),
(15, 273),
(15, 278),
(15, 311),
(15, 339),
(15, 428),
(15, 431),
(15, 458),
(15, 461),
(15, 486),
(15, 491),
(15, 521),
(15, 549),
(15, 551),
(15, 668),
(15, 671),
(15, 697),
(15, 701),
(15, 761),
(15, 791),
(15, 818),
(15, 821),
(15, 851),
(15, 881),
(15, 882),
(15, 942),
(15, 1057),
(15, 1062),
(15, 1063),
(15, 1088),
(15, 1092),
(15, 1114),
(15, 1119),
(15, 1174),
(15, 1179),
(15, 1212),
(15, 1272),
(15, 1302),
(15, 1332),
(15, 1333),
(15, 1359),
(15, 1362),
(15, 1392),
(15, 1418),
(15, 1422),
(15, 1447),
(15, 1452),
(16, 62),
(16, 65),
(16, 90),
(16, 92),
(16, 95),
(16, 126),
(16, 129),
(16, 151),
(16, 154),
(16, 155),
(16, 157),
(16, 159),
(16, 160),
(16, 181),
(16, 186),
(16, 190),
(16, 213),
(16, 220),
(16, 244),
(16, 245),
(16, 247),
(16, 248),
(16, 250),
(16, 251),
(16, 281),
(16, 303),
(16, 306),
(16, 308),
(16, 309),
(16, 312),
(16, 335),
(16, 341),
(16, 363),
(16, 365),
(16, 366),
(16, 367),
(16, 393),
(16, 396),
(16, 398),
(16, 401),
(16, 425),
(16, 432),
(16, 455),
(16, 462),
(16, 488),
(16, 491),
(16, 518),
(16, 521),
(16, 546),
(16, 548),
(16, 551),
(16, 573),
(16, 576),
(16, 577),
(16, 579),
(16, 581),
(16, 582),
(16, 608),
(16, 611),
(16, 633),
(16, 635),
(16, 636),
(16, 637),
(16, 665),
(16, 668),
(16, 671),
(16, 725),
(16, 728),
(16, 731),
(16, 732),
(16, 753),
(16, 756),
(16, 758),
(16, 759),
(16, 762),
(16, 791),
(16, 815),
(16, 822),
(16, 843),
(16, 846),
(16, 848),
(16, 849),
(16, 852),
(16, 873),
(16, 876),
(16, 878),
(16, 879),
(16, 904),
(16, 906),
(16, 907),
(16, 908),
(16, 937),
(16, 939),
(16, 942),
(16, 964),
(16, 967),
(16, 968),
(16, 970),
(16, 972),
(16, 973),
(16, 994),
(16, 997),
(16, 998),
(16, 1000),
(16, 1002),
(16, 1003),
(16, 1026),
(16, 1029),
(16, 1032),
(16, 1033),
(16, 1059),
(16, 1060),
(16, 1062),
(16, 1119),
(16, 1122),
(16, 1149),
(16, 1152),
(16, 1182),
(16, 1210),
(16, 1212),
(16, 1213),
(16, 1236),
(16, 1239),
(16, 1242),
(16, 1243),
(16, 1267),
(16, 1269),
(16, 1272),
(16, 1273),
(16, 1297),
(16, 1299),
(16, 1302),
(16, 1303),
(16, 1324),
(16, 1327),
(16, 1329),
(16, 1330),
(16, 1333),
(16, 1356),
(16, 1363),
(16, 1384),
(16, 1387),
(16, 1389),
(16, 1393),
(16, 1449),
(16, 1450),
(16, 1452),
(16, 1474),
(16, 1476),
(16, 1477),
(16, 1478),
(16, 1504),
(16, 1507),
(16, 1508),
(16, 1510),
(16, 1512),
(16, 1513),
(16, 1539),
(16, 1542),
(17, 65),
(17, 90),
(17, 95),
(17, 126),
(17, 129),
(17, 159),
(17, 189),
(17, 214),
(17, 219),
(17, 276),
(17, 277),
(17, 279),
(17, 281),
(17, 282),
(17, 308),
(17, 311),
(17, 336),
(17, 337),
(17, 338),
(17, 341),
(17, 426),
(17, 431),
(17, 456),
(17, 461),
(17, 488),
(17, 491),
(17, 521),
(17, 546),
(17, 551),
(17, 581),
(17, 611),
(17, 666),
(17, 667),
(17, 669),
(17, 758),
(17, 761),
(17, 786),
(17, 787),
(17, 788),
(17, 789),
(17, 791),
(17, 792),
(17, 816),
(17, 821),
(17, 851),
(17, 878),
(17, 881),
(17, 882),
(17, 937),
(17, 942),
(17, 972),
(17, 1002),
(17, 1058),
(17, 1062),
(17, 1063),
(17, 1117),
(17, 1118),
(17, 1120),
(17, 1122),
(17, 1152),
(17, 1177),
(17, 1178),
(17, 1180),
(17, 1182),
(17, 1207),
(17, 1208),
(17, 1209),
(17, 1212),
(17, 1267),
(17, 1272),
(17, 1297),
(17, 1302),
(17, 1329),
(17, 1330),
(17, 1332),
(17, 1333),
(17, 1357),
(17, 1362),
(17, 1392),
(17, 1448),
(17, 1452),
(17, 1512),
(17, 1542),
(24, 37),
(24, 38),
(24, 39),
(24, 41),
(24, 42),
(24, 43),
(24, 97),
(24, 98),
(24, 99),
(24, 101),
(24, 132),
(24, 133),
(24, 134),
(24, 136),
(24, 162),
(24, 163),
(24, 165),
(24, 166),
(24, 192),
(24, 193),
(24, 195),
(24, 196),
(24, 197),
(24, 221),
(24, 222),
(24, 223),
(24, 226),
(24, 227),
(24, 252),
(24, 253),
(24, 254),
(24, 255),
(24, 256),
(24, 257),
(24, 258),
(24, 284),
(24, 344),
(24, 345),
(24, 346),
(24, 347),
(24, 348),
(24, 373),
(24, 374),
(24, 375),
(24, 376),
(24, 377),
(24, 378),
(24, 379),
(24, 404),
(24, 405),
(24, 409),
(24, 433),
(24, 434),
(24, 435),
(24, 438),
(24, 439),
(24, 463),
(24, 464),
(24, 465),
(24, 468),
(24, 469),
(24, 494),
(24, 495),
(24, 496),
(24, 498),
(24, 553),
(24, 554),
(24, 555),
(24, 557),
(24, 584),
(24, 585),
(24, 587),
(24, 588),
(24, 614),
(24, 615),
(24, 643),
(24, 644),
(24, 645),
(24, 646),
(24, 647),
(24, 648),
(24, 649),
(24, 673),
(24, 674),
(24, 675),
(24, 676),
(24, 677),
(24, 678),
(24, 679),
(24, 703),
(24, 704),
(24, 705),
(24, 707),
(24, 708),
(24, 709),
(24, 733),
(24, 734),
(24, 735),
(24, 736),
(24, 737),
(24, 738),
(24, 739),
(24, 823),
(24, 824),
(24, 825),
(24, 828),
(24, 829),
(24, 854),
(24, 855),
(24, 859),
(24, 884),
(24, 914),
(24, 915),
(24, 916),
(24, 917),
(24, 918),
(24, 919),
(24, 920),
(24, 944),
(24, 945),
(24, 946),
(24, 948),
(24, 975),
(24, 976),
(24, 978),
(24, 979),
(24, 1005),
(24, 1006),
(24, 1008),
(24, 1009),
(24, 1034),
(24, 1035),
(24, 1036),
(24, 1037),
(24, 1038),
(24, 1039),
(24, 1040),
(24, 1065),
(24, 1066),
(24, 1067),
(24, 1069),
(24, 1094),
(24, 1095),
(24, 1096),
(24, 1098),
(24, 1099),
(24, 1100),
(24, 1125),
(24, 1126),
(24, 1127),
(24, 1128),
(24, 1129),
(24, 1130),
(24, 1185),
(24, 1190),
(24, 1244),
(24, 1245),
(24, 1246),
(24, 1247),
(24, 1248),
(24, 1249),
(24, 1250),
(24, 1274),
(24, 1275),
(24, 1276),
(24, 1278),
(24, 1304),
(24, 1305),
(24, 1306),
(24, 1308),
(24, 1340),
(24, 1364),
(24, 1365),
(24, 1366),
(24, 1369),
(24, 1370),
(24, 1395),
(24, 1396),
(24, 1398),
(24, 1399),
(24, 1400),
(24, 1424),
(24, 1425),
(24, 1426),
(24, 1428),
(24, 1429),
(24, 1430),
(24, 1455),
(24, 1456),
(24, 1457),
(24, 1459),
(24, 1484),
(24, 1485),
(24, 1486),
(24, 1487),
(24, 1488),
(24, 1489),
(24, 1490),
(24, 1515),
(24, 1516),
(24, 1518),
(24, 1519),
(25, 38),
(25, 39),
(25, 41),
(25, 42),
(25, 68),
(25, 72),
(25, 97),
(25, 98),
(25, 99),
(25, 100),
(25, 101),
(25, 102),
(25, 103),
(25, 131),
(25, 132),
(25, 133),
(25, 135),
(25, 136),
(25, 161),
(25, 162),
(25, 163),
(25, 164),
(25, 166),
(25, 167),
(25, 193),
(25, 222),
(25, 223),
(25, 224),
(25, 226),
(25, 253),
(25, 257),
(25, 313),
(25, 314),
(25, 315),
(25, 316),
(25, 317),
(25, 318),
(25, 319),
(25, 347),
(25, 374),
(25, 377),
(25, 378),
(25, 403),
(25, 408),
(25, 434),
(25, 435),
(25, 436),
(25, 438),
(25, 464),
(25, 465),
(25, 466),
(25, 468),
(25, 493),
(25, 494),
(25, 495),
(25, 497),
(25, 498),
(25, 524),
(25, 528),
(25, 553),
(25, 554),
(25, 555),
(25, 556),
(25, 557),
(25, 558),
(25, 559),
(25, 583),
(25, 584),
(25, 585),
(25, 586),
(25, 588),
(25, 589),
(25, 614),
(25, 616),
(25, 617),
(25, 618),
(25, 644),
(25, 647),
(25, 648),
(25, 704),
(25, 705),
(25, 707),
(25, 708),
(25, 734),
(25, 738),
(25, 763),
(25, 764),
(25, 765),
(25, 766),
(25, 767),
(25, 768),
(25, 769),
(25, 794),
(25, 824),
(25, 825),
(25, 826),
(25, 828),
(25, 854),
(25, 855),
(25, 857),
(25, 858),
(25, 883),
(25, 884),
(25, 885),
(25, 886),
(25, 887),
(25, 888),
(25, 889),
(25, 915),
(25, 918),
(25, 919),
(25, 944),
(25, 945),
(25, 946),
(25, 947),
(25, 948),
(25, 949),
(25, 950),
(25, 974),
(25, 975),
(25, 976),
(25, 977),
(25, 979),
(25, 980),
(25, 1004),
(25, 1005),
(25, 1006),
(25, 1007),
(25, 1009),
(25, 1010),
(25, 1035),
(25, 1039),
(25, 1064),
(25, 1065),
(25, 1066),
(25, 1068),
(25, 1069),
(25, 1095),
(25, 1096),
(25, 1098),
(25, 1099),
(25, 1155),
(25, 1156),
(25, 1215),
(25, 1219),
(25, 1245),
(25, 1249),
(25, 1274),
(25, 1275),
(25, 1276),
(25, 1277),
(25, 1278),
(25, 1279),
(25, 1304),
(25, 1305),
(25, 1306),
(25, 1307),
(25, 1308),
(25, 1309),
(25, 1334),
(25, 1335),
(25, 1336),
(25, 1337),
(25, 1338),
(25, 1339),
(25, 1340),
(25, 1365),
(25, 1366),
(25, 1367),
(25, 1369),
(25, 1395),
(25, 1396),
(25, 1425),
(25, 1426),
(25, 1428),
(25, 1429),
(25, 1454),
(25, 1455),
(25, 1456),
(25, 1458),
(25, 1459),
(25, 1485),
(25, 1488),
(25, 1489),
(25, 1514),
(25, 1515),
(25, 1516),
(25, 1517),
(25, 1519),
(25, 1520),
(25, 1545),
(25, 1546),
(26, 38),
(26, 39),
(26, 42),
(26, 67),
(26, 68),
(26, 69),
(26, 70),
(26, 71),
(26, 72),
(26, 73),
(26, 97),
(26, 98),
(26, 99),
(26, 100),
(26, 101),
(26, 102),
(26, 131),
(26, 132),
(26, 133),
(26, 135),
(26, 136),
(26, 162),
(26, 163),
(26, 191),
(26, 196),
(26, 223),
(26, 225),
(26, 253),
(26, 256),
(26, 257),
(26, 283),
(26, 284),
(26, 285),
(26, 286),
(26, 287),
(26, 288),
(26, 289),
(26, 313),
(26, 314),
(26, 315),
(26, 317),
(26, 318),
(26, 343),
(26, 344),
(26, 345),
(26, 348),
(26, 349),
(26, 374),
(26, 405),
(26, 408),
(26, 435),
(26, 437),
(26, 465),
(26, 467),
(26, 493),
(26, 494),
(26, 495),
(26, 497),
(26, 498),
(26, 523),
(26, 524),
(26, 525),
(26, 526),
(26, 527),
(26, 528),
(26, 529),
(26, 553),
(26, 554),
(26, 555),
(26, 556),
(26, 557),
(26, 558),
(26, 584),
(26, 585),
(26, 644),
(26, 674),
(26, 675),
(26, 678),
(26, 704),
(26, 705),
(26, 708),
(26, 734),
(26, 737),
(26, 738),
(26, 763),
(26, 764),
(26, 765),
(26, 767),
(26, 768),
(26, 793),
(26, 794),
(26, 795),
(26, 796),
(26, 797),
(26, 798),
(26, 799),
(26, 825),
(26, 827),
(26, 853),
(26, 858),
(26, 883),
(26, 884),
(26, 885),
(26, 887),
(26, 888),
(26, 915),
(26, 944),
(26, 945),
(26, 946),
(26, 947),
(26, 948),
(26, 949),
(26, 975),
(26, 976),
(26, 979),
(26, 1005),
(26, 1006),
(26, 1009),
(26, 1035),
(26, 1038),
(26, 1039),
(26, 1064),
(26, 1065),
(26, 1066),
(26, 1068),
(26, 1069),
(26, 1095),
(26, 1096),
(26, 1099),
(26, 1124),
(26, 1125),
(26, 1126),
(26, 1129),
(26, 1155),
(26, 1156),
(26, 1160),
(26, 1184),
(26, 1185),
(26, 1186),
(26, 1187),
(26, 1188),
(26, 1189),
(26, 1214),
(26, 1215),
(26, 1216),
(26, 1217),
(26, 1218),
(26, 1219),
(26, 1245),
(26, 1248),
(26, 1249),
(26, 1274),
(26, 1275),
(26, 1276),
(26, 1277),
(26, 1278),
(26, 1279),
(26, 1304),
(26, 1305),
(26, 1306),
(26, 1307),
(26, 1308),
(26, 1309),
(26, 1334),
(26, 1335),
(26, 1336),
(26, 1338),
(26, 1339),
(26, 1340),
(26, 1366),
(26, 1368),
(26, 1394),
(26, 1399),
(26, 1425),
(26, 1426),
(26, 1429),
(26, 1454),
(26, 1455),
(26, 1456),
(26, 1458),
(26, 1459),
(26, 1485),
(26, 1515),
(26, 1516),
(26, 1519),
(26, 1545),
(26, 1546),
(26, 1550),
(27, 38),
(27, 40),
(27, 68),
(27, 98),
(27, 99),
(27, 101),
(27, 102),
(27, 132),
(27, 133),
(27, 134),
(27, 135),
(27, 192),
(27, 193),
(27, 194),
(27, 314),
(27, 315),
(27, 316),
(27, 317),
(27, 318),
(27, 344),
(27, 345),
(27, 348),
(27, 404),
(27, 405),
(27, 406),
(27, 494),
(27, 495),
(27, 496),
(27, 497),
(27, 524),
(27, 554),
(27, 555),
(27, 557),
(27, 558),
(27, 618),
(27, 704),
(27, 706),
(27, 764),
(27, 765),
(27, 766),
(27, 767),
(27, 768),
(27, 854),
(27, 855),
(27, 856),
(27, 885),
(27, 886),
(27, 887),
(27, 888),
(27, 945),
(27, 946),
(27, 948),
(27, 949),
(27, 975),
(27, 979),
(27, 1005),
(27, 1009),
(27, 1065),
(27, 1066),
(27, 1067),
(27, 1068),
(27, 1095),
(27, 1097),
(27, 1155),
(27, 1158),
(27, 1159),
(27, 1220),
(27, 1275),
(27, 1276),
(27, 1278),
(27, 1279),
(27, 1305),
(27, 1306),
(27, 1308),
(27, 1309),
(27, 1335),
(27, 1336),
(27, 1337),
(27, 1338),
(27, 1339),
(27, 1340),
(27, 1395),
(27, 1396),
(27, 1397),
(27, 1425),
(27, 1427),
(27, 1455),
(27, 1456),
(27, 1457),
(27, 1458),
(27, 1515),
(27, 1519),
(27, 1545),
(27, 1548),
(27, 1549),
(28, 97),
(28, 98),
(28, 99),
(28, 101),
(28, 102),
(28, 132),
(28, 133),
(28, 135),
(28, 136),
(28, 137),
(28, 163),
(28, 192),
(28, 193),
(28, 196),
(28, 222),
(28, 253),
(28, 313),
(28, 314),
(28, 315),
(28, 317),
(28, 318),
(28, 344),
(28, 345),
(28, 374),
(28, 434),
(28, 464),
(28, 494),
(28, 495),
(28, 497),
(28, 498),
(28, 499),
(28, 553),
(28, 554),
(28, 555),
(28, 557),
(28, 558),
(28, 585),
(28, 615),
(28, 617),
(28, 618),
(28, 644),
(28, 674),
(28, 734),
(28, 763),
(28, 764),
(28, 765),
(28, 767),
(28, 768),
(28, 824),
(28, 883),
(28, 885),
(28, 887),
(28, 888),
(28, 915),
(28, 944),
(28, 945),
(28, 946),
(28, 948),
(28, 949),
(28, 975),
(28, 976),
(28, 1005),
(28, 1006),
(28, 1035),
(28, 1065),
(28, 1066),
(28, 1068),
(28, 1069),
(28, 1070),
(28, 1125),
(28, 1245),
(28, 1274),
(28, 1275),
(28, 1276),
(28, 1278),
(28, 1279),
(28, 1304),
(28, 1305),
(28, 1306),
(28, 1308),
(28, 1309),
(28, 1334),
(28, 1335),
(28, 1336),
(28, 1338),
(28, 1339),
(28, 1340),
(28, 1365),
(28, 1399),
(28, 1455),
(28, 1456),
(28, 1458),
(28, 1459),
(28, 1460),
(28, 1485),
(28, 1515),
(28, 1516),
(29, 68),
(29, 71),
(29, 72),
(29, 97),
(29, 98),
(29, 99),
(29, 100),
(29, 101),
(29, 102),
(29, 103),
(29, 132),
(29, 133),
(29, 135),
(29, 136),
(29, 162),
(29, 163),
(29, 165),
(29, 166),
(29, 195),
(29, 222),
(29, 223),
(29, 225),
(29, 226),
(29, 284),
(29, 285),
(29, 288),
(29, 313),
(29, 316),
(29, 317),
(29, 318),
(29, 319),
(29, 378),
(29, 404),
(29, 405),
(29, 407),
(29, 434),
(29, 435),
(29, 437),
(29, 438),
(29, 464),
(29, 465),
(29, 467),
(29, 468),
(29, 494),
(29, 495),
(29, 497),
(29, 498),
(29, 524),
(29, 527),
(29, 528),
(29, 553),
(29, 554),
(29, 555),
(29, 556),
(29, 557),
(29, 558),
(29, 559),
(29, 584),
(29, 585),
(29, 587),
(29, 588),
(29, 614),
(29, 615),
(29, 648),
(29, 763),
(29, 766),
(29, 767),
(29, 768),
(29, 769),
(29, 794),
(29, 797),
(29, 798),
(29, 824),
(29, 825),
(29, 827),
(29, 828),
(29, 855),
(29, 857),
(29, 883),
(29, 884),
(29, 885),
(29, 886),
(29, 887),
(29, 888),
(29, 889),
(29, 919),
(29, 944),
(29, 945),
(29, 946),
(29, 947),
(29, 948),
(29, 949),
(29, 950),
(29, 975),
(29, 976),
(29, 978),
(29, 979),
(29, 1005),
(29, 1006),
(29, 1008),
(29, 1009),
(29, 1065),
(29, 1066),
(29, 1068),
(29, 1069),
(29, 1156),
(29, 1159),
(29, 1185),
(29, 1186),
(29, 1189),
(29, 1215),
(29, 1218),
(29, 1219),
(29, 1274),
(29, 1275),
(29, 1276),
(29, 1277),
(29, 1278),
(29, 1279),
(29, 1280),
(29, 1304),
(29, 1305),
(29, 1306),
(29, 1307),
(29, 1308),
(29, 1309),
(29, 1310),
(29, 1334),
(29, 1337),
(29, 1338),
(29, 1339),
(29, 1340),
(29, 1365),
(29, 1366),
(29, 1368),
(29, 1369),
(29, 1396),
(29, 1398),
(29, 1455),
(29, 1456),
(29, 1458),
(29, 1459),
(29, 1489),
(29, 1515),
(29, 1516),
(29, 1518),
(29, 1519),
(29, 1546),
(29, 1549),
(30, 98),
(30, 99),
(30, 102),
(30, 132),
(30, 133),
(30, 134),
(30, 135),
(30, 136),
(30, 137),
(30, 192),
(30, 193),
(30, 223),
(30, 284),
(30, 285),
(30, 287),
(30, 288),
(30, 313),
(30, 314),
(30, 315),
(30, 317),
(30, 318),
(30, 435),
(30, 465),
(30, 494),
(30, 495),
(30, 496),
(30, 497),
(30, 498),
(30, 499),
(30, 554),
(30, 555),
(30, 558),
(30, 674),
(30, 675),
(30, 677),
(30, 678),
(30, 763),
(30, 764),
(30, 765),
(30, 767),
(30, 768),
(30, 794),
(30, 798),
(30, 825),
(30, 883),
(30, 885),
(30, 887),
(30, 888),
(30, 945),
(30, 946),
(30, 949),
(30, 979),
(30, 1009),
(30, 1065),
(30, 1066),
(30, 1067),
(30, 1068),
(30, 1069),
(30, 1070),
(30, 1125),
(30, 1126),
(30, 1128),
(30, 1129),
(30, 1185),
(30, 1186),
(30, 1188),
(30, 1189),
(30, 1215),
(30, 1275),
(30, 1276),
(30, 1279),
(30, 1305),
(30, 1306),
(30, 1309),
(30, 1334),
(30, 1335),
(30, 1336),
(30, 1338),
(30, 1339),
(30, 1340),
(30, 1366),
(30, 1455),
(30, 1456),
(30, 1457),
(30, 1458),
(30, 1459),
(30, 1460),
(30, 1519);

-- --------------------------------------------------------

--
-- Structure de la table `mitigationrisque`
--

CREATE TABLE `mitigationrisque` (
  `id` int(11) NOT NULL,
  `id_risque` int(11) NOT NULL,
  `niveau` int(11) NOT NULL,
  `intitule` tinytext NOT NULL,
  `description` text NOT NULL,
  `impact_delai` int(11) NOT NULL,
  `impact_cout` int(11) NOT NULL,
  `impact_qualite` int(11) NOT NULL,
  `cout` int(11) NOT NULL,
  `qualite` int(11) NOT NULL,
  `delai` int(11) NOT NULL
) ENGINE=InnoDB DEFAULT CHARSET=utf8;

--
-- Déchargement des données de la table `mitigationrisque`
--

INSERT INTO `mitigationrisque` (`id`, `id_risque`, `niveau`, `intitule`, `description`, `impact_delai`, `impact_cout`, `impact_qualite`, `cout`, `qualite`, `delai`) VALUES
(1, 1, 0, 'Aucune mitigation', 'Prendre le risque que quelqu&#039;un quitte l&#039;&eacute;quipe de conception.', 8, 12000, 0, 0, 0, 0),
(2, 1, 1, 'mitigation minimal', '', 6, 8400, 0, 1920, 0, 0),
(3, 1, 2, 'mitigation moyenne', '', 4, 3400, 0, 3800, 0, 0),
(4, 1, 3, 'mitigation haute', '', 1, 1000, 0, 7000, 0, 0),
(5, 2, 0, 'Aucune mitigation', '', 0, 8840, 0, 0, 0, 0),
(6, 2, 1, 'mitigation minimal', '', 0, 6240, 0, 1060, 0, 0),
(7, 2, 2, 'mitigation moyenne', '', 0, 4690, 0, 3130, 0, 0),
(8, 2, 3, 'mitigation haute', '', 0, 1910, 0, 4950, 0, 0),
(9, 3, 0, 'Aucune mitigation', 'Prendre le risque que les machines de prototypage tombent en panne.', 4, 12000, 0, 0, 0, 0),
(10, 3, 1, 'mitigation minimal', '', 3, 9000, 0, 1860, 0, 0),
(11, 3, 2, 'mitigation moyenne', '', 2, 6000, 0, 4320, 0, 0),
(12, 3, 3, 'mitigation haute', '', 1, 2000, 0, 6000, 0, 0),
(13, 4, 0, 'Aucune mitigation', '', 20, 0, 0, 0, 0, 0),
(14, 5, 0, 'Aucune mitigation', '', 5, 40000, 0, 0, 0, 0),
(15, 6, 0, 'Aucune mitigation', '', 8, 0, 0, 0, 0, 0),
(16, 4, 1, 'Mitigation minimal', '', 7, 0, 0, 5280, 0, 0),
(17, 4, 2, 'Mitigation moyenne', '', 4, 0, 0, 9460, 0, 0),
(18, 4, 3, 'Mitigation haute', '', 2, 0, 0, 13620, 0, 0),
(19, 5, 1, 'Mitigation minimal', '', 4, 29400, 0, 5430, 0, 0),
(20, 5, 2, 'Mitigation moyenne', '', 2, 18600, 0, 9680, 0, 0),
(21, 5, 3, 'Mitigation haute', '', 1, 9300, 0, 15600, 0, 0),
(22, 6, 1, 'Mitigation minimal', '', 5, 8940, 0, 0, 0, 1),
(23, 6, 2, 'Mitigation moyenne', '', 3, 5160, 0, 0, 0, 3),
(24, 6, 3, 'Mitigation haute', '', 1, 3200, 0, 0, 0, 5);

-- --------------------------------------------------------

--
-- Structure de la table `occurenrerisques`
--

CREATE TABLE `occurenrerisques` (
  `id_risque` int(11) NOT NULL,
  `id_suivi` int(11) NOT NULL
) ENGINE=InnoDB DEFAULT CHARSET=utf8;

--
-- Déchargement des données de la table `occurenrerisques`
--

INSERT INTO `occurenrerisques` (`id_risque`, `id_suivi`) VALUES
(1, 4),
(1, 5),
(1, 6),
(2, 6),
(3, 4),
(3, 5),
(4, 2),
(4, 4),
(4, 5),
(4, 6);

-- --------------------------------------------------------

--
-- Structure de la table `parametrevalidation`
--

CREATE TABLE `parametrevalidation` (
  `id` int(11) NOT NULL,
  `id_equipe` int(11) NOT NULL,
  `id_simu` int(11) NOT NULL,
  `id_suivi` int(11) NOT NULL,
  `event_valid` tinyint(1) NOT NULL,
  `tablette_valid` tinyint(1) NOT NULL,
  `tache_valid` tinyint(1) NOT NULL,
  `risque_valid` tinyint(1) NOT NULL
) ENGINE=InnoDB DEFAULT CHARSET=utf8;

--
-- Déchargement des données de la table `parametrevalidation`
--

INSERT INTO `parametrevalidation` (`id`, `id_equipe`, `id_simu`, `id_suivi`, `event_valid`, `tablette_valid`, `tache_valid`, `risque_valid`) VALUES
(6, 8, 1, 2, 0, 1, 1, 1),
(7, 15, 1, 2, 0, 1, 1, 1),
(8, 12, 1, 2, 0, 1, 1, 1),
(9, 6, 1, 2, 0, 1, 1, 1),
(10, 14, 1, 2, 0, 1, 1, 1),
(11, 9, 1, 2, 0, 1, 1, 1),
(12, 13, 1, 2, 0, 1, 1, 1),
(13, 10, 1, 2, 0, 1, 1, 1),
(14, 16, 1, 2, 0, 1, 1, 1),
(15, 11, 1, 2, 0, 1, 1, 1),
(16, 7, 1, 2, 0, 1, 1, 1),
(17, 17, 1, 2, 0, 1, 1, 1),
(18, 14, 1, 4, 1, 1, 1, 0),
(19, 9, 1, 4, 1, 1, 1, 0),
(20, 7, 1, 4, 1, 1, 1, 0),
(21, 11, 1, 4, 1, 1, 1, 0),
(22, 15, 1, 4, 1, 1, 1, 0),
(23, 6, 1, 4, 1, 1, 1, 0),
(24, 12, 1, 4, 1, 1, 1, 0),
(25, 10, 1, 4, 1, 1, 1, 0),
(26, 17, 1, 4, 1, 1, 1, 0),
(27, 13, 1, 4, 1, 1, 1, 0),
(28, 7, 1, 4, 0, 0, 1, 0),
(29, 8, 1, 4, 1, 1, 1, 0),
(30, 16, 1, 4, 1, 1, 1, 0),
(31, 11, 1, 5, 1, 1, 1, 0),
(32, 6, 1, 5, 1, 1, 1, 0),
(33, 15, 1, 5, 1, 1, 1, 0),
(34, 9, 1, 5, 1, 1, 1, 0),
(35, 16, 1, 5, 1, 1, 1, 0),
(36, 13, 1, 5, 1, 1, 1, 0),
(37, 10, 1, 5, 1, 1, 1, 0),
(38, 14, 1, 5, 1, 1, 1, 0),
(39, 12, 1, 5, 1, 1, 1, 0),
(40, 8, 1, 5, 1, 1, 1, 0),
(41, 7, 1, 5, 1, 1, 1, 0),
(42, 17, 1, 5, 1, 1, 1, 0),
(43, 15, 1, 6, 1, 1, 1, 0),
(44, 6, 1, 6, 1, 1, 1, 0),
(45, 10, 1, 6, 1, 1, 1, 0),
(46, 13, 1, 6, 1, 1, 1, 0),
(47, 7, 1, 6, 1, 1, 1, 0),
(48, 8, 1, 6, 1, 1, 1, 0),
(49, 17, 1, 6, 1, 1, 1, 0),
(50, 14, 1, 6, 1, 1, 1, 0),
(51, 12, 1, 6, 1, 1, 1, 0),
(52, 16, 1, 6, 1, 1, 1, 0),
(53, 11, 1, 6, 1, 1, 1, 0),
(54, 9, 1, 6, 1, 1, 1, 0);

-- --------------------------------------------------------

--
-- Structure de la table `penalite`
--

CREATE TABLE `penalite` (
  `id` int(11) NOT NULL,
  `id_simu` int(11) NOT NULL,
  `budget` int(11) NOT NULL COMMENT 'dollar additionel pour tout dollar au dessus du budget',
  `delai` int(11) NOT NULL COMMENT ' dollar par jour de supp.',
  `qualite` int(11) NOT NULL COMMENT 'dollar par point insuffisant',
  `poids` int(11) NOT NULL,
  `battrie` int(11) NOT NULL
) ENGINE=InnoDB DEFAULT CHARSET=utf8;

--
-- Déchargement des données de la table `penalite`
--

INSERT INTO `penalite` (`id`, `id_simu`, `budget`, `delai`, `qualite`, `poids`, `battrie`) VALUES
(1, 1, 2, 5000, 10000, 30000, 150000);

-- --------------------------------------------------------

--
-- Structure de la table `permission`
--

CREATE TABLE `permission` (
  `id` int(11) NOT NULL,
  `action` varchar(50) NOT NULL,
  `element` varchar(50) NOT NULL,
  `allowdeny` varchar(50) NOT NULL,
  `groupe_id` int(11) DEFAULT NULL
) ENGINE=MyISAM DEFAULT CHARSET=utf8;

--
-- Déchargement des données de la table `permission`
--

INSERT INTO `permission` (`id`, `action`, `element`, `allowdeny`, `groupe_id`) VALUES
(1, 'edit', 'all', 'ALLOW', 1);

-- --------------------------------------------------------

--
-- Structure de la table `ressourceshumaines`
--

CREATE TABLE `ressourceshumaines` (
  `id` int(11) NOT NULL,
  `id_simu` int(11) NOT NULL,
  `nom` tinytext CHARACTER SET utf8 COLLATE utf8_unicode_ci NOT NULL,
  `id_pays` int(11) NOT NULL,
  `metier` tinytext CHARACTER SET utf8 COLLATE utf8_unicode_ci NOT NULL,
  `niveau_competence` tinyint(4) NOT NULL,
  `niveau_rapidite` tinyint(4) NOT NULL,
  `prime` tinyint(4) NOT NULL,
  `competence` tinyint(4) NOT NULL,
  `rapidite` tinyint(4) NOT NULL
) ENGINE=InnoDB DEFAULT CHARSET=utf8;

--
-- Déchargement des données de la table `ressourceshumaines`
--

INSERT INTO `ressourceshumaines` (`id`, `id_simu`, `nom`, `id_pays`, `metier`, `niveau_competence`, `niveau_rapidite`, `prime`, `competence`, `rapidite`) VALUES
(1, 1, 'Michel', 1, 'Ingenieur', 1, 4, 0, 83, 102),
(2, 1, 'Fabien', 1, 'Ingenieur', 4, 3, 2, 103, 107),
(3, 1, 'Daniel', 1, 'Ingenieur', 3, 2, 3, 101, 98),
(4, 1, 'Diane', 1, 'Ingenieur', 4, 1, 0, 109, 80),
(5, 1, 'Antoine', 1, 'Ingenieur', 5, 4, 18, 116, 112),
(6, 1, 'Claire', 1, 'Ingenieur', 2, 5, 4, 85, 112),
(7, 1, 'Simon', 1, 'Ingenieur', 3, 3, 6, 105, 94),
(8, 1, 'Robert', 1, 'Technicien', 5, 3, 12, 115, 98),
(9, 1, 'Albert', 1, 'Technicien', 3, 5, 8, 94, 112),
(10, 1, 'Johanna', 1, 'Technicien', 2, 4, 4, 90, 111),
(11, 1, 'Arthur', 1, 'Technicien', 3, 2, 0, 100, 87),
(12, 1, 'Akemi', 3, 'Ingenieur', 4, 2, 3, 112, 87),
(13, 1, 'Kiyo', 3, 'Ingenieur', 3, 4, 4, 90, 107),
(14, 1, 'Chen', 3, 'Ingenieur', 5, 3, 6, 123, 110),
(15, 1, 'Akio', 3, 'Ingenieur', 2, 1, 0, 92, 72),
(16, 1, 'Benjiro', 3, 'Ingenieur', 4, 3, 5, 104, 92),
(17, 1, 'Dai', 3, 'Ingenieur', 1, 5, 4, 82, 112),
(18, 1, 'Chizu', 3, 'Technicien', 3, 2, 0, 98, 80),
(19, 1, 'Akasuki', 3, 'Technicien', 2, 4, 4, 96, 105),
(20, 1, 'Masako', 3, 'Technicien', 5, 1, 7, 127, 79),
(21, 1, 'Norio', 3, 'Technicien', 2, 3, 0, 92, 91),
(22, 1, 'Okura', 3, 'Technicien', 3, 2, 0, 102, 91),
(23, 1, 'Kimiko', 3, 'Technicien', 4, 5, 10, 117, 121),
(24, 1, 'Thomas', 2, 'Ingenieur', 3, 2, 0, 95, 81),
(25, 1, 'Thierry', 2, 'Ingenieur', 4, 3, 15, 117, 91),
(26, 1, 'Virginie', 2, 'Ingenieur', 2, 5, 5, 99, 114),
(27, 1, 'Lise', 2, 'Ingenieur', 5, 2, 20, 119, 93),
(28, 1, 'David', 2, 'Ingenieur', 4, 1, 8, 104, 85),
(29, 1, 'Maria', 2, 'Ingenieur', 3, 4, 10, 90, 116),
(30, 1, 'Julien', 2, 'Ingenieur', 1, 4, 0, 73, 117),
(31, 1, 'Sullivan', 2, 'Technicien', 4, 2, 5, 108, 88),
(32, 1, 'Mathias', 2, 'Technicien', 3, 3, 6, 98, 94),
(33, 1, 'Charles', 2, 'Technicien', 5, 4, 14, 127, 120),
(34, 1, 'Sophie', 2, 'Technicien', 1, 3, 0, 71, 92),
(35, 1, 'Melissa', 2, 'Technicien', 2, 4, 0, 88, 110),
(36, 1, 'Christine', 2, 'Technicien', 3, 5, 10, 103, 115),
(37, 1, 'Georges', 2, 'Technicien', 4, 1, 0, 105, 79),
(38, 1, 'Marc', 2, 'Technicien', 2, 5, 3, 86, 127),
(39, 1, 'Sylvain', 2, 'Technicien', 3, 3, 0, 95, 105);

-- --------------------------------------------------------

--
-- Structure de la table `resultat`
--

CREATE TABLE `resultat` (
  `id` int(11) NOT NULL,
  `id_simu` int(11) NOT NULL,
  `id_suivi` int(11) NOT NULL,
  `id_equipe` int(11) NOT NULL,
  `qualite_mp` int(11) NOT NULL,
  `qualite_tot` int(11) NOT NULL,
  `cout_proto` int(11) NOT NULL,
  `cout_serie` int(11) NOT NULL,
  `cout_mp` int(11) NOT NULL,
  `cout_mo` int(11) NOT NULL,
  `cout_tot` int(11) NOT NULL,
  `duree_sup_proto` int(11) NOT NULL,
  `duree_sup_prod` int(11) NOT NULL,
  `delai_tot` int(11) NOT NULL,
  `poids` int(11) NOT NULL,
  `puissance` int(11) NOT NULL,
  `score` int(11) NOT NULL
) ENGINE=InnoDB DEFAULT CHARSET=utf8;

--
-- Déchargement des données de la table `resultat`
--

INSERT INTO `resultat` (`id`, `id_simu`, `id_suivi`, `id_equipe`, `qualite_mp`, `qualite_tot`, `cout_proto`, `cout_serie`, `cout_mp`, `cout_mo`, `cout_tot`, `duree_sup_proto`, `duree_sup_prod`, `delai_tot`, `poids`, `puissance`, `score`) VALUES
(1, 1, 2, 15, 180, 263, 1065, 912000, 913065, 555421, 1504766, 14, 61, 259, 985, 1111, 1689298),
(2, 1, 2, 12, 169, 222, 1159, 1026000, 1027159, 579141, 1644350, 19, 61, 208, 999, 1111, 1933050),
(3, 1, 2, 8, 177, 407, 1026, 864000, 865026, 593868, 1506064, 14, 63, 247, 1001, 1048, 1633191),
(4, 1, 2, 14, 165, 389, 889, 932000, 932889, 482984, 1442793, 9, 32, 248, 812, 1150, 1562793),
(5, 1, 2, 6, 152, 168, 998, 1178000, 1178998, 481371, 1698569, 22, 28, 210, 1010, 1168, 2440944),
(6, 1, 2, 9, 146, 191, 839, 890000, 890839, 479816, 1408645, 15, 22, 235, 764, 1056, 1550993),
(7, 1, 2, 10, 185, 290, 1093, 934000, 935093, 786806, 1758209, 15, 61, 523, 1027, 1065, 3769626),
(8, 1, 2, 16, 184, 287, 1135, 992000, 993135, 570023, 1598378, 12, 61, 175, 992, 1130, 1795134),
(9, 1, 2, 13, 154, 106, 864, 932000, 932864, 478390, 1451334, 19, 33, 209, 774, 1148, 2391365),
(10, 1, 2, 11, 169, 305, 1048, 862000, 863048, 550289, 1460507, 12, 65, 287, 1052, 1025, 1775507),
(11, 1, 2, 7, 175, 279, 1130, 980000, 981130, 575845, 1604145, 12, 67, 178, 1065, 1166, 1812435),
(12, 1, 2, 17, 179, -34, 1140, 992000, 993140, 516290, 1539090, 16, 63, 288, 1045, 1116, 4272993),
(13, 1, 4, 14, 159, 367, 889, 976000, 976889, 475814, 1479623, 9, 29, 246, 812, 1150, 1589623),
(14, 1, 4, 9, 151, 319, 839, 978000, 978839, 437149, 1453978, 15, 25, 219, 764, 1056, 1453978),
(15, 1, 4, 7, 166, 481, 1130, 1056000, 1057130, 423798, 1528098, 10, 49, 168, 1365, 1166, 1614294),
(16, 1, 4, 11, 151, 389, 1048, 1020000, 1021048, 884918, 1953136, 17, 59, 198, 1045, 1053, 2859409),
(17, 1, 4, 15, 174, 251, 1065, 956000, 957065, 547054, 1540399, 14, 58, 256, 985, 1111, 1781197),
(18, 1, 4, 6, 151, 171, 998, 1020000, 1020998, 548044, 1607242, 17, 59, 134, 1045, 1053, 2111441),
(19, 1, 4, 12, 163, 214, 1159, 1070000, 1071159, 574806, 1684015, 19, 58, 207, 999, 1111, 2052046),
(20, 1, 4, 10, 151, 242, 1093, 1020000, 1021093, 585643, 1643046, 17, 59, 241, 1045, 1053, 2014138),
(21, 1, 4, 17, 190, 187, 1140, 1038000, 1039140, 556486, 1625286, 24, 67, 284, 1015, 1153, 2302311),
(22, 1, 4, 13, 159, 129, 864, 1020000, 1020864, 455027, 1515971, 19, 36, 185, 774, 1148, 2261455),
(23, 1, 4, 8, 154, 417, 1026, 798000, 799026, 575486, 1421682, 16, 62, 277, 975, 1048, 1686682),
(24, 1, 4, 16, 169, 226, 1135, 992000, 993135, 506845, 1537200, 12, 61, 223, 992, 1130, 1611600),
(25, 1, 5, 11, 166, 269, 1048, 1020000, 1021048, 511525, 1624093, 12, 61, 223, 1052, 1025, 1872278),
(26, 1, 5, 6, 147, 40, 998, 1020000, 1020998, 485600, 1676798, 22, 27, 174, 1010, 1168, 3655987),
(27, 1, 5, 9, 151, 275, 839, 978000, 978839, 454441, 1515620, 15, 25, 209, 764, 1056, 1546860),
(28, 1, 5, 16, 169, 240, 1135, 994000, 995135, 521958, 1684313, 12, 61, 228, 992, 1130, 2072940),
(29, 1, 5, 13, 159, 129, 864, 1020000, 1020864, 466469, 1659413, 19, 36, 188, 774, 1148, 2692407),
(30, 1, 5, 14, 159, 377, 889, 976000, 976889, 505547, 1641356, 9, 29, 199, 812, 1150, 1924067),
(31, 1, 5, 10, 187, 298, 1093, 1380000, 1381093, 564243, 2113646, 16, 54, 110, 977, 1035, 3340937),
(32, 1, 5, 15, 174, 231, 1065, 956000, 957065, 584400, 1622095, 14, 58, 208, 985, 1111, 1866285),
(33, 1, 5, 12, 168, 200, 1159, 1450000, 1451159, 588116, 2121675, 19, 58, 206, 979, 1106, 3365026),
(34, 1, 5, 8, 154, 410, 1026, 962000, 963026, 561970, 1704166, 16, 62, 222, 975, 1048, 2112497),
(35, 1, 5, 7, 169, 427, 1130, 1056000, 1057130, 529184, 1677834, 12, 64, 289, 1065, 1166, 2358501),
(36, 1, 5, 17, 190, 21, 1140, 1508000, 1509140, 568204, 2239004, 24, 67, 281, 1015, 1153, 5787414),
(37, 1, 6, 6, 147, 117, 998, 1766000, 1766998, 545504, 2402262, 22, 27, 221, 1010, 1168, 5067927),
(38, 1, 6, 15, 174, 243, 1065, 956000, 957065, 652639, 1703944, 14, 58, 244, 985, 1111, 2211833),
(39, 1, 6, 17, 190, 0, 1140, 1508000, 1509140, 0, 0, 24, 67, 0, 1015, 1153, 0),
(40, 1, 6, 14, 159, 364, 889, 976000, 976889, 474652, 1540341, 9, 29, 240, 812, 1150, 1701022),
(41, 1, 6, 13, 159, 127, 864, 1020000, 1020864, 520390, 1643214, 19, 36, 224, 774, 1148, 2656168),
(42, 1, 6, 12, 168, 201, 1159, 1830000, 1831159, 571245, 2502334, 19, 58, 231, 979, 1106, 4542002),
(43, 1, 6, 16, 169, 198, 1135, 994000, 995135, 572828, 1609583, 12, 61, 181, 992, 1130, 1844588),
(44, 1, 6, 11, 166, 271, 1048, 1250000, 1251048, 526468, 1876246, 12, 61, 252, 1052, 1025, 2768738),
(45, 1, 6, 9, 151, 248, 839, 978000, 978839, 511626, 1597895, 15, 25, 222, 764, 1056, 1793686),
(46, 1, 6, 8, 154, 351, 1026, 962000, 963026, 554270, 1570866, 16, 62, 222, 975, 1048, 1712598),
(47, 1, 6, 10, 171, 240, 1093, 1964000, 1965093, 626216, 2697059, 17, 54, 267, 971, 1030, 5306177),
(48, 1, 6, 7, 169, 370, 1130, 1140000, 1141130, 499744, 1694444, 12, 64, 287, 1065, 1166, 2398333);

-- --------------------------------------------------------

--
-- Structure de la table `risque`
--

CREATE TABLE `risque` (
  `id` int(11) NOT NULL,
  `id_simu` int(11) NOT NULL,
  `nom` tinytext NOT NULL,
  `description` text NOT NULL,
  `probOccu` int(11) NOT NULL,
  `occurence` tinyint(1) NOT NULL,
  `suivi_occu` int(11) NOT NULL
) ENGINE=InnoDB DEFAULT CHARSET=utf8;

--
-- Déchargement des données de la table `risque`
--

INSERT INTO `risque` (`id`, `id_simu`, `nom`, `description`, `probOccu`, `occurence`, `suivi_occu`) VALUES
(1, 1, 'D&eacute;mission de personnels', 'Une ou plusieurs personnes quittent l&#039;entreprise.', 1, 0, 5),
(2, 1, 'Modification du SAP', 'modification du syst&egrave;me d&#039;information de gestion de l&#039;entreprise.', 3, 1, 6),
(3, 1, 'D&eacute;faillance machine', 'Une des machines pour assurer la productions des tablettes tombe en panne.', 2, 0, 4),
(4, 1, 'Estimation installation incorrect', 'L&#039;installation des diff&eacute;rentes infrastructures propre &agrave; la r&eacute;alisation de ce nouveau projet ont &eacute;t&eacute; sous estim&eacute;.', 4, 1, 6),
(5, 1, 'Abandon du fabricant de boitier', '', 1, 0, 0),
(6, 1, 'Retard de livraison', '', 3, 1, 0);

-- --------------------------------------------------------

--
-- Structure de la table `simulation`
--

CREATE TABLE `simulation` (
  `id` int(11) NOT NULL,
  `name` tinytext CHARACTER SET latin1 NOT NULL COMMENT 'Nom de la simulation si plusieurs simulation',
  `nombre_event` int(11) NOT NULL COMMENT 'Nombre d’événement lors de la simulation (0 étant infini)',
  `dateDebut` date NOT NULL,
  `dateFin` date NOT NULL,
  `budget` int(11) NOT NULL,
  `delai` int(11) NOT NULL,
  `qualite` int(11) NOT NULL
) ENGINE=InnoDB DEFAULT CHARSET=utf8;

--
-- Déchargement des données de la table `simulation`
--

INSERT INTO `simulation` (`id`, `name`, `nombre_event`, `dateDebut`, `dateFin`, `budget`, `delai`, `qualite`) VALUES
(1, 'Prospect 2015', 3, '2015-10-01', '2015-12-04', 1500000, 224, 200);

-- --------------------------------------------------------

--
-- Structure de la table `systemeexplotation`
--

CREATE TABLE `systemeexplotation` (
  `id` int(11) NOT NULL,
  `nom` tinytext CHARACTER SET utf8 COLLATE utf8_unicode_ci NOT NULL,
  `ingenieur` int(11) NOT NULL,
  `technicien` int(11) NOT NULL,
  `duree` int(11) NOT NULL,
  `id_simulation` int(11) NOT NULL
) ENGINE=InnoDB DEFAULT CHARSET=utf8;

--
-- Déchargement des données de la table `systemeexplotation`
--

INSERT INTO `systemeexplotation` (`id`, `nom`, `ingenieur`, `technicien`, `duree`, `id_simulation`) VALUES
(1, 'OSPrenium', 2, 2, 0, 1),
(2, 'CubeX', 4, 6, 25, 1),
(3, 'Osens', 3, 4, 10, 1);

-- --------------------------------------------------------

--
-- Structure de la table `taches`
--

CREATE TABLE `taches` (
  `id` int(11) NOT NULL,
  `Nom` tinytext CHARACTER SET utf8 COLLATE utf8_unicode_ci NOT NULL,
  `Pays` tinytext CHARACTER SET utf8 COLLATE utf8_unicode_ci NOT NULL,
  `Duree_initiale` int(11) NOT NULL,
  `Nb_Ing_Init` int(11) NOT NULL,
  `Nb_Tech_Init` int(11) NOT NULL,
  `Nb_Ouv_Init` int(11) NOT NULL,
  `id_simu` int(11) NOT NULL
) ENGINE=InnoDB DEFAULT CHARSET=utf8;

--
-- Déchargement des données de la table `taches`
--

INSERT INTO `taches` (`id`, `Nom`, `Pays`, `Duree_initiale`, `Nb_Ing_Init`, `Nb_Tech_Init`, `Nb_Ouv_Init`, `id_simu`) VALUES
(1, 'R&eacute;aliser la conception fonctionnelle', '1', 5, 3, 0, 0, 1),
(2, 'R&eacute;aliser la conception technique d&eacute;taill&eacute;e de la tablette', '1', 4, 3, 0, 0, 1),
(3, 'R&eacute;aliser la sp&eacute;cification des logiciels de la tablette', '1', 6, 2, 0, 0, 1),
(4, 'R&eacute;aliser un prototype de tablette', '1', 6, 4, 0, 0, 1),
(5, 'R&eacute;aliser l&#039;&eacute;tude d&#039;industrialisation', '1', 3, 3, 0, 0, 1),
(6, 'R&eacute;diger le cahier de sp&eacute;cification pour la partie logiciel', '1', 2, 3, 0, 0, 1),
(7, 'D&eacute;finir les moyens de production, maintenance et ma&icirc;trise des proc&eacute;d&eacute;s', '1', 4, 1, 0, 0, 1),
(8, 'Consulter les fournisseurs', '1', 2, 0, 1, 0, 1),
(9, 'Estimer les investissements', '1', 2, 0, 2, 0, 1),
(10, 'R&eacute;aliser le bilan &eacute;conomique', '1', 5, 1, 0, 0, 1),
(11, 'S&eacute;lectionner les fournisseurs de moyens de production', '1', 1, 0, 1, 0, 1),
(12, 'D&eacute;finir les plans de controle qualit&eacute;', '1', 2, 2, 0, 0, 1),
(13, 'R&eacute;aliser la r&eacute;union d&#039;industrialisation', '1', 1, 1, 1, 0, 1),
(14, 'Informer le personnel de l&#039;unit&eacute; de production', '3', 3, 1, 0, 0, 1),
(15, 'Commander et recevoir le mat&eacute;riel et les outils de production', '3', 13, 0, 2, 0, 1),
(16, 'Commander et recevoir la mati&egrave;re premi&egrave;re aupr&egrave;s des fournisseurs', '3', 12, 1, 0, 0, 1),
(17, 'Installer les infrastructures manufacturi&egrave;res', '3', 20, 2, 4, 12, 1),
(18, 'V&eacute;rifier et corriger les premi&egrave;res tablettes', '3', 6, 1, 2, 0, 1),
(19, 'V&eacute;rifier la correspondance du processus de production avec les sp&eacute;cifications', '3', 5, 3, 0, 0, 1),
(20, 'Produire les tablettes', '3', 100, 1, 4, 12, 1),
(21, 'V&eacute;rifier la qualit&eacute; des tablettes', '3', 5, 0, 4, 0, 1),
(22, 'Cr&eacute;er la documentation de la tablette', '3', 8, 4, 0, 0, 1),
(23, 'Pr&eacute;senter le produit final', '3', 2, 2, 0, 0, 1),
(24, 'Analyser les besoins', '2', 5, 1, 0, 0, 1),
(25, 'Formaliser les sp&eacute;cifications logicielle', '2', 16, 4, 2, 0, 1),
(26, 'D&eacute;velopper le syst&egrave;me d&#039;exploitation / adapter', '2', 10, 1, 0, 0, 1),
(27, 'Valider les sp&eacute;cifications logicielles', '2', 3, 1, 0, 0, 1),
(28, 'Tester le syst&egrave;me d&#039;exploitation', '2', 6, 2, 0, 0, 1),
(29, 'Corriger le syst&egrave;me d&#039;exploitation', '2', 10, 3, 0, 0, 1),
(30, 'V&eacute;rifier le fonctionnement logiciel-mat&eacute;riel', '2', 8, 1, 4, 0, 1);

-- --------------------------------------------------------

--
-- Structure de la table `tachessimulees`
--

CREATE TABLE `tachessimulees` (
  `id` int(11) NOT NULL,
  `IdSimulation` int(11) NOT NULL,
  `IdEquipe` int(11) NOT NULL,
  `NumeroSuivi` int(11) NOT NULL,
  `IdTache` int(11) NOT NULL,
  `NbHeureSup` tinyint(4) NOT NULL,
  `Stagiaire_Ing` int(11) NOT NULL,
  `Stagiaire_Tech` int(11) NOT NULL,
  `NbOuv` tinyint(3) NOT NULL,
  `DureeCalculee` float NOT NULL,
  `DureeFinale` int(11) NOT NULL,
  `Cout` float NOT NULL,
  `Qualite` float NOT NULL
) ENGINE=InnoDB DEFAULT CHARSET=utf8;

--
-- Déchargement des données de la table `tachessimulees`
--

INSERT INTO `tachessimulees` (`id`, `IdSimulation`, `IdEquipe`, `NumeroSuivi`, `IdTache`, `NbHeureSup`, `Stagiaire_Ing`, `Stagiaire_Tech`, `NbOuv`, `DureeCalculee`, `DureeFinale`, `Cout`, `Qualite`) VALUES
(1, 1, 8, 2, 1, 0, 0, 0, 0, 4.65839, 5, 4030, 1.18),
(2, 1, 8, 2, 2, 0, 0, 0, 0, 3.72671, 4, 3224, 1.18),
(3, 1, 8, 2, 3, 0, 0, 0, 0, 5.35714, 6, 3303.36, 0.885),
(4, 1, 8, 2, 4, 0, 0, 0, 0, 19.9005, 20, 21080, 4.8675),
(5, 1, 8, 2, 5, 0, 0, 0, 0, 2.79503, 3, 2418, 1.18),
(6, 1, 8, 2, 6, 0, 0, 0, 0, 1.86335, 2, 1612, 1.18),
(7, 1, 8, 2, 7, 0, 0, 0, 0, 3.57143, 4, 1170.56, 28.32),
(8, 1, 8, 2, 8, 0, 0, 0, 0, 6.25, 7, 1632.96, -10.62),
(9, 1, 8, 2, 9, 0, 0, 0, 0, 2.01005, 3, 1347.84, -5.31),
(10, 1, 8, 2, 10, 0, 0, 0, 0, 4.46429, 5, 1463.2, 28.32),
(11, 1, 8, 2, 11, 0, 0, 0, 0, 0.502513, 1, 449.28, -5.31),
(12, 1, 8, 2, 12, 0, 0, 0, 0, 1.78571, 2, 1101.12, 0.885),
(13, 1, 8, 2, 13, 0, 0, 0, 0, 0.892857, 1, 525.92, 8.85),
(14, 1, 8, 2, 1, 0, 0, 0, 0, 4.65839, 5, 4030, 1.18),
(15, 1, 8, 2, 2, 0, 0, 0, 0, 3.72671, 4, 3224, 1.18),
(16, 1, 8, 2, 3, 0, 0, 0, 0, 5.35714, 6, 3303.36, 0.885),
(17, 1, 8, 2, 4, 0, 0, 0, 0, 19.9005, 20, 21080, 4.8675),
(18, 1, 8, 2, 5, 0, 0, 0, 0, 2.79503, 3, 2418, 1.18),
(19, 1, 8, 2, 6, 0, 0, 0, 0, 1.86335, 2, 1612, 1.18),
(20, 1, 8, 2, 7, 0, 0, 0, 0, 3.57143, 4, 1170.56, 28.32),
(21, 1, 8, 2, 8, 0, 0, 0, 0, 6.25, 7, 1632.96, -10.62),
(22, 1, 8, 2, 9, 0, 0, 0, 0, 2.01005, 3, 1347.84, -5.31),
(23, 1, 8, 2, 10, 0, 0, 0, 0, 4.46429, 5, 1463.2, 28.32),
(24, 1, 8, 2, 11, 0, 0, 0, 0, 0.502513, 1, 449.28, -5.31),
(25, 1, 8, 2, 12, 0, 0, 0, 0, 1.78571, 2, 1101.12, 0.885),
(26, 1, 8, 2, 13, 0, 0, 0, 0, 0.892857, 1, 525.92, 8.85),
(27, 1, 8, 2, 14, 0, 0, 0, 0, 3.44828, 4, 124655, 21.24),
(28, 1, 8, 2, 15, 0, 0, 0, 0, 14.0541, 15, 706003, -5.31),
(29, 1, 8, 2, 16, 0, 0, 0, 0, 13.7931, 14, 436292, 21.24),
(30, 1, 8, 2, 17, 0, 0, 0, 12, 20.5832, 21, 6469680, 1.475),
(31, 1, 8, 2, 18, 0, 0, 0, 0, 7.00389, 8, 618583, -8.26),
(32, 1, 8, 2, 19, 0, 0, 0, 0, 4.93421, 5, 473506, 14.75),
(33, 1, 8, 2, 20, 0, 0, 0, 20, 115.362, 116, 43735400, 0.354),
(34, 1, 8, 2, 21, 0, 0, 0, 0, 5.6338, 6, 568956, 5.7525),
(35, 1, 8, 2, 22, 0, 0, 0, 0, 8.51064, 9, 1124620, 7.5225),
(36, 1, 8, 2, 23, 0, 0, 0, 0, 2.06186, 3, 187890, 1.77),
(37, 1, 8, 2, 24, 0, 0, 0, 0, 6.17284, 7, 1960, -8.85),
(38, 1, 8, 2, 25, 0, 0, 0, 0, 17.1123, 18, 28556.6, 10.62),
(39, 1, 8, 2, 26, 0, 0, 0, 0, 2.13675, 3, 3751.44, 6.018),
(40, 1, 8, 2, 27, 0, 0, 0, 0, 3.22581, 4, 1344, 33.63),
(41, 1, 8, 2, 28, 0, 0, 0, 0, 6.97674, 7, 4214, 10.62),
(42, 1, 8, 2, 29, 0, 0, 0, 0, 10.4895, 11, 9856, 6.49),
(43, 1, 8, 2, 30, 0, 0, 0, 0, 8.42105, 9, 8946, -0.354),
(44, 1, 6, 2, 1, 0, 0, 0, 0, 4.53172, 5, 4017.6, 2.02667),
(45, 1, 6, 2, 2, 0, 0, 0, 0, 3.62538, 4, 3214.08, 2.02667),
(46, 1, 6, 2, 3, 0, 0, 0, 0, 6.89655, 7, 3576.16, 10.64),
(47, 1, 6, 2, 4, 0, 0, 0, 0, 25.8661, 26, 27339.5, -4.94),
(48, 1, 6, 2, 5, 0, 0, 0, 0, 2.71903, 3, 2410.56, 2.02667),
(49, 1, 6, 2, 6, 0, 0, 0, 0, 1.81269, 2, 1607.04, 2.02667),
(50, 1, 6, 2, 7, 0, 0, 0, 0, 3.57143, 4, 1031.68, -22.8),
(51, 1, 6, 2, 8, 0, 0, 0, 0, 1.78571, 2, 466.56, -9.12),
(52, 1, 6, 2, 9, 0, 0, 0, 0, 1.90476, 2, 950.4, 6.84),
(53, 1, 6, 2, 10, 0, 0, 0, 0, 4.46429, 5, 1289.6, -22.8),
(54, 1, 6, 2, 11, 0, 0, 0, 0, 0.892857, 1, 233.28, -9.12),
(55, 1, 6, 2, 12, 0, 0, 0, 0, 2.1978, 3, 1488, -6.08),
(56, 1, 6, 2, 13, 0, 0, 0, 0, 0.934579, 1, 481.28, -17.48),
(57, 1, 6, 2, 14, 0, 0, 0, 0, 2.72727, 3, 96214.1, 34.96),
(58, 1, 6, 2, 15, 0, 0, 0, 0, 11.5044, 12, 592489, 9.88),
(59, 1, 6, 2, 16, 0, 0, 0, 0, 11.215, 12, 377595, -15.2),
(60, 1, 6, 2, 17, 0, 0, 0, 12, 19.9778, 20, 6225890, 4.30667),
(61, 1, 6, 2, 18, 0, 0, 0, 0, 8.37209, 9, 504596, 14.44),
(62, 1, 6, 2, 19, 0, 0, 0, 0, 5.24476, 6, 566392, 3.04),
(63, 1, 6, 2, 20, 0, 0, 0, 24, 70.1031, 71, 36072500, 0.2375),
(64, 1, 6, 2, 21, 0, 0, 0, 0, 5.19481, 6, 582799, 14.44),
(65, 1, 6, 2, 22, 0, 0, 0, 0, 8.81543, 9, 1121890, -3.8),
(66, 1, 6, 2, 23, 0, 0, 0, 0, 1.84332, 2, 127075, 9.88),
(67, 1, 6, 2, 24, 0, 0, 0, 0, 4.38596, 5, 1470, -1.52),
(68, 1, 6, 2, 25, 0, 0, 0, 0, 14.792, 15, 24544.8, 13.9333),
(69, 1, 6, 2, 26, 0, 0, 0, 0, 30.7018, 31, 9114, -1.52),
(70, 1, 6, 2, 27, 0, 0, 0, 0, 2.63158, 3, 882, -1.52),
(71, 1, 6, 2, 28, 0, 0, 0, 0, 5.21739, 6, 3612, -8.36),
(72, 1, 6, 2, 29, 0, 0, 0, 0, 9.34579, 10, 9240, 3.04),
(73, 1, 6, 2, 30, 0, 0, 0, 0, 7.0922, 8, 8158.08, 6.992),
(74, 1, 12, 2, 1, 0, 0, 0, 0, 4.53172, 5, 4017.6, 2.25333),
(75, 1, 12, 2, 2, 0, 0, 0, 0, 3.62538, 4, 3214.08, 2.25333),
(76, 1, 12, 2, 3, 0, 0, 0, 0, 6.74157, 7, 3524.08, 8.45),
(77, 1, 12, 2, 4, 0, 0, 0, 0, 14.1844, 15, 27267.6, 0.482857),
(78, 1, 12, 2, 5, 0, 0, 0, 0, 2.71903, 3, 2410.56, 2.25333),
(79, 1, 12, 2, 6, 0, 0, 0, 0, 2.20588, 3, 2298.96, 8.45),
(80, 1, 12, 2, 7, 0, 0, 0, 0, 3.73832, 4, 1011.84, 5.07),
(81, 1, 12, 2, 8, 0, 0, 0, 0, 4.5045, 5, 1123.2, -16.9),
(82, 1, 12, 2, 9, 0, 0, 0, 0, 1.79372, 2, 915.84, -13.52),
(83, 1, 12, 2, 10, 0, 0, 0, 0, 4.46429, 5, 1289.6, -25.35),
(84, 1, 12, 2, 11, 0, 0, 0, 0, 0.900901, 1, 224.64, -16.9),
(85, 1, 12, 2, 12, 0, 0, 0, 0, 2.13904, 3, 1502.88, 10.14),
(86, 1, 12, 2, 13, 0, 0, 0, 0, 0.917431, 1, 477.6, -5.915),
(87, 1, 12, 2, 14, 0, 0, 0, 0, 2.72727, 3, 96214.1, 38.87),
(88, 1, 12, 2, 15, 0, 0, 0, 0, 4.58554, 5, 716386, 9.01333),
(89, 1, 12, 2, 16, 0, 0, 0, 0, 11.215, 12, 377595, -16.9),
(90, 1, 12, 2, 17, 0, 0, 0, 16, 14.5103, 15, 6591230, 2.7716),
(91, 1, 12, 2, 18, 0, 0, 0, 0, 5.59006, 6, 483135, 23.66),
(92, 1, 12, 2, 19, 0, 0, 0, 0, 5.24476, 6, 566392, 3.38),
(93, 1, 12, 2, 20, 0, 0, 0, 15, 124.183, 125, 46502800, 3.61045),
(94, 1, 12, 2, 21, 0, 0, 0, 0, 5.03778, 6, 573108, 5.4925),
(95, 1, 12, 2, 22, 0, 0, 0, 0, 8.81543, 9, 1121890, -4.225),
(96, 1, 12, 2, 23, 0, 0, 0, 0, 1.84332, 2, 127075, 10.985),
(97, 1, 12, 2, 24, 0, 0, 0, 0, 1.02669, 2, 3012.8, 1.69),
(98, 1, 12, 2, 25, 0, 0, 0, 0, 8.52575, 9, 25452, 0.768182),
(99, 1, 12, 2, 26, 0, 0, 0, 0, 5.02152, 6, 12734.4, -0.724286),
(100, 1, 12, 2, 27, 0, 0, 0, 0, 0.934579, 1, 924, 3.38),
(101, 1, 12, 2, 28, 0, 0, 0, 0, 2.06897, 3, 5527.2, 6.76),
(102, 1, 12, 2, 29, 0, 0, 0, 0, 4.87013, 5, 9212, 0.563333),
(103, 1, 12, 2, 30, 0, 0, 0, 0, 3.82775, 4, 8151.36, 2.873),
(108, 1, 15, 2, 1, 0, 0, 0, 0, 5.26316, 6, 4538.4, 7.8),
(109, 1, 15, 2, 2, 0, 0, 0, 0, 4.21053, 5, 3782, 7.8),
(110, 1, 15, 2, 3, 0, 0, 0, 0, 5.60748, 6, 3243.84, -0.9),
(111, 1, 15, 2, 4, 0, 0, 0, 0, 19.4647, 20, 20584, -2.7),
(112, 1, 15, 2, 5, 0, 0, 0, 0, 3.06122, 4, 3154.56, 4.8),
(113, 1, 15, 2, 6, 0, 0, 0, 0, 1.89274, 2, 1532.64, -6.6),
(114, 1, 15, 2, 7, 0, 0, 0, 0, 1.99005, 2, 1031.68, 7.2),
(115, 1, 15, 2, 8, 0, 0, 0, 0, 8.04598, 9, 1944, 0),
(116, 1, 15, 2, 9, 0, 0, 0, 0, 1.79372, 2, 915.84, -14.4),
(117, 1, 15, 2, 10, 0, 0, 0, 0, 1.75439, 2, 1512.8, 7.8),
(118, 1, 15, 2, 11, 0, 0, 0, 0, 1.14943, 2, 432, 0),
(119, 1, 15, 2, 12, 0, 0, 0, 0, 1.94175, 2, 1041.6, -9),
(120, 1, 15, 2, 13, 0, 0, 0, 0, 0.952381, 1, 534.56, 27.9),
(121, 1, 15, 2, 14, 0, 0, 0, 0, 2.72727, 3, 96214.1, 41.4),
(122, 1, 15, 2, 15, 0, 0, 0, 0, 7.08447, 8, 745687, -5.4),
(123, 1, 15, 2, 16, 0, 0, 0, 0, 13.7931, 14, 436292, 21.6),
(124, 1, 15, 2, 17, 0, 0, 0, 12, 20.2817, 21, 6499070, 1.4),
(125, 1, 15, 2, 18, 0, 0, 0, 0, 6.97674, 7, 541154, 7.2),
(126, 1, 15, 2, 19, 0, 0, 0, 0, 4.82315, 5, 473506, -14.4),
(127, 1, 15, 2, 20, 0, 0, 0, 12, 160.716, 161, 44955000, 2.32941),
(128, 1, 15, 2, 21, 0, 0, 0, 0, 5.44959, 6, 559265, -5.4),
(129, 1, 15, 2, 22, 0, 0, 0, 0, 8.35509, 9, 1124620, -14.4),
(130, 1, 15, 2, 23, 0, 0, 0, 0, 2.03046, 3, 189705, 31.5),
(131, 1, 15, 2, 24, 0, 0, 0, 0, 2.43902, 3, 1848, 14.4),
(132, 1, 15, 2, 25, 0, 1, 4, 0, 10.7263, 11, 27134.8, -1.4),
(133, 1, 15, 2, 26, 0, 0, 0, 0, 1.41044, 2, 6670.72, -2.95714),
(134, 1, 15, 2, 27, 0, 0, 0, 0, 1.03093, 2, 1792, -7.8),
(135, 1, 15, 2, 28, 0, 0, 0, 0, 1.94805, 2, 3684.8, 0.6),
(136, 1, 15, 2, 29, 0, 0, 0, 0, 4.96689, 5, 8932, -6.6),
(137, 1, 15, 2, 30, 0, 0, 0, 0, 3.83142, 4, 7927.36, -9),
(138, 1, 14, 2, 1, 0, 0, 0, 0, 4.79233, 5, 3868.8, -3.85),
(139, 1, 14, 2, 2, 0, 0, 0, 0, 3.83387, 4, 3095.04, -3.85),
(140, 1, 14, 2, 3, 0, 0, 0, 0, 5.71429, 6, 3288.48, 14.025),
(141, 1, 14, 2, 4, 0, 0, 0, 0, 14.1176, 15, 15996, 3.7125),
(142, 1, 14, 2, 5, 0, 0, 0, 0, 2.8754, 3, 2321.28, -3.85),
(143, 1, 14, 2, 6, 0, 0, 0, 0, 2.04082, 3, 2365.92, 4.4),
(144, 1, 14, 2, 7, 0, 0, 0, 0, 4.25532, 5, 1314.4, 8.25),
(145, 1, 14, 2, 8, 0, 0, 0, 0, 5.10204, 6, 1451.52, 24.75),
(146, 1, 14, 2, 9, 0, 0, 0, 0, 1.90476, 2, 950.4, 7.425),
(147, 1, 14, 2, 10, 0, 0, 0, 0, 5.31915, 6, 1577.28, 8.25),
(148, 1, 14, 2, 11, 0, 0, 0, 0, 1.02041, 2, 483.84, 24.75),
(149, 1, 14, 2, 12, 0, 0, 0, 0, 1.82648, 2, 1021.76, -9.9),
(150, 1, 14, 2, 13, 0, 0, 0, 0, 1.04167, 2, 1009.6, 16.5),
(151, 1, 14, 2, 14, 0, 0, 0, 0, 3.26087, 4, 127075, 6.6),
(152, 1, 14, 2, 15, 0, 0, 0, 0, 11.5044, 12, 592489, 10.725),
(153, 1, 14, 2, 16, 0, 0, 0, 0, 10.9091, 11, 352785, 37.95),
(154, 1, 14, 2, 17, 0, 0, 0, 12, 20.0445, 21, 6496920, 0.641667),
(155, 1, 14, 2, 18, 0, 0, 0, 0, 5.66038, 6, 486857, 9.35),
(156, 1, 14, 2, 19, 0, 0, 0, 0, 4.93421, 5, 473506, 13.75),
(157, 1, 14, 2, 20, 0, 0, 0, 12, 132.86, 133, 36962100, 1.65),
(158, 1, 14, 2, 21, 0, 0, 0, 0, 5.03778, 6, 573108, 5.3625),
(159, 1, 14, 2, 22, 0, 0, 0, 0, 8.0402, 9, 1132780, -4.95),
(160, 1, 14, 2, 23, 0, 0, 0, 0, 2.01005, 3, 189705, -4.95),
(161, 1, 14, 2, 24, 0, 0, 0, 0, 5.49451, 6, 1932, 28.05),
(162, 1, 14, 2, 25, 0, 0, 0, 0, 15.9734, 16, 24801.3, -1.65),
(163, 1, 14, 2, 26, 0, 0, 0, 0, 3.20513, 4, 10259.2, 0.6),
(164, 1, 14, 2, 27, 0, 0, 0, 0, 3.2967, 4, 1288, 28.05),
(165, 1, 14, 2, 28, 0, 0, 0, 0, 6.09137, 7, 4116, -12.375),
(166, 1, 14, 2, 29, 0, 0, 0, 0, 10.4167, 11, 10010, 1.1),
(167, 1, 14, 2, 30, 0, 0, 0, 0, 7.61905, 8, 8355.2, 13.2),
(168, 1, 9, 2, 1, 0, 0, 0, 0, 4.73186, 5, 3831.6, -5.35333),
(169, 1, 9, 2, 2, 0, 0, 0, 0, 3.78549, 4, 3065.28, -5.35333),
(170, 1, 9, 2, 3, 0, 0, 0, 0, 6.25, 7, 3541.44, -4.38),
(171, 1, 9, 2, 4, 0, 0, 0, 0, 20.9476, 21, 21404.9, -2.92),
(172, 1, 9, 2, 5, 0, 0, 0, 0, 2.83912, 3, 2298.96, -5.35333),
(173, 1, 9, 2, 6, 0, 0, 0, 0, 2.06897, 3, 2284.08, -2.43333),
(174, 1, 9, 2, 7, 0, 0, 0, 0, 3.73832, 4, 1011.84, 4.38),
(175, 1, 9, 2, 8, 0, 0, 0, 0, 3.06122, 4, 967.68, 21.9),
(176, 1, 9, 2, 9, 0, 0, 0, 0, 1.91388, 2, 933.12, 3.65),
(177, 1, 9, 2, 10, 0, 0, 0, 0, 4.6729, 5, 1264.8, 4.38),
(178, 1, 9, 2, 11, 0, 0, 0, 0, 0.892857, 1, 233.28, -8.76),
(179, 1, 9, 2, 12, 0, 0, 0, 0, 1.90476, 2, 1026.72, -10.22),
(180, 1, 9, 2, 13, 0, 0, 0, 0, 0.952381, 1, 534.56, 22.63),
(181, 1, 9, 2, 14, 0, 0, 0, 0, 3.26087, 4, 127075, 5.84),
(182, 1, 9, 2, 15, 0, 0, 0, 0, 14.2857, 15, 692160, -4.38),
(183, 1, 9, 2, 16, 0, 0, 0, 0, 11.215, 12, 377595, -14.6),
(184, 1, 9, 2, 17, 0, 0, 0, 0, 62.3917, 63, 9905180, 2.67667),
(185, 1, 9, 2, 18, 0, 0, 0, 0, 6.22837, 7, 543272, -7.78667),
(186, 1, 9, 2, 19, 0, 0, 0, 0, 5.19031, 6, 570023, 18.98),
(187, 1, 9, 2, 20, 0, 0, 1, 18, 91.3656, 92, 32383800, -0.698261),
(188, 1, 9, 2, 21, 0, 0, 0, 0, 5.22193, 6, 567571, 3.285),
(189, 1, 9, 2, 22, 0, 0, 0, 0, 8.39895, 9, 1124620, 3.285),
(190, 1, 9, 2, 23, 0, 0, 0, 0, 1.9802, 2, 127680, 19.71),
(191, 1, 9, 2, 24, 0, 0, 0, 0, 4.38596, 5, 1470, -1.46),
(192, 1, 9, 2, 25, 0, 0, 0, 0, 16.7247, 17, 26227.6, -3.16333),
(193, 1, 9, 2, 26, 0, 0, 0, 0, 3.29877, 4, 10241.3, 0.265455),
(194, 1, 9, 2, 27, 0, 0, 0, 0, 3.22581, 4, 1344, 27.74),
(195, 1, 9, 2, 28, 0, 0, 0, 0, 6.09137, 7, 4116, -10.95),
(196, 1, 9, 2, 29, 0, 0, 0, 0, 10.7143, 11, 9640.4, -0.973333),
(197, 1, 9, 2, 30, 0, 0, 0, 0, 8.3682, 9, 8734.32, -4.672),
(198, 1, 11, 2, 1, 0, 0, 0, 0, 4.93421, 5, 3992.8, 5.63333),
(199, 1, 11, 2, 2, 0, 0, 0, 0, 3.94737, 4, 3104.96, -5.07),
(200, 1, 11, 2, 3, 0, 0, 0, 0, 10.7143, 11, 3219.04, 27.04),
(201, 1, 11, 2, 4, 0, 0, 0, 0, 18.3206, 19, 19413.4, 0.845),
(202, 1, 11, 2, 5, 0, 0, 0, 0, 3.01003, 4, 3035.52, -1.69),
(203, 1, 11, 2, 6, 0, 0, 0, 0, 2.80374, 3, 1621.92, -0.845),
(204, 1, 11, 2, 7, 0, 0, 0, 0, 3.57143, 4, 1170.56, 27.04),
(205, 1, 11, 2, 8, 0, 0, 1, 0, 2.04082, 3, 725.76, 25.35),
(206, 1, 11, 2, 9, 0, 0, 2, 0, 2.16216, 3, 1373.76, 12.675),
(207, 1, 11, 2, 10, 0, 0, 0, 0, 5.31915, 6, 1577.28, 8.45),
(208, 1, 11, 2, 11, 0, 0, 0, 0, 0.892857, 1, 233.28, -10.14),
(209, 1, 11, 2, 12, 0, 0, 0, 0, 1.82648, 2, 1021.76, -10.14),
(210, 1, 11, 2, 13, 0, 0, 0, 0, 0.952381, 1, 488.72, -4.225),
(211, 1, 11, 2, 14, 0, 0, 0, 0, 3.44828, 4, 124655, 20.28),
(212, 1, 11, 2, 15, 0, 0, 0, 0, 28.5714, 29, 669088, 3.38),
(213, 1, 11, 2, 16, 0, 0, 0, 0, 13.0435, 14, 444763, 6.76),
(214, 1, 11, 2, 17, 0, 0, 0, 12, 21.2389, 22, 6087080, -0.894706),
(215, 1, 11, 2, 18, 0, 0, 0, 0, 6.12245, 7, 565273, 25.9133),
(216, 1, 11, 2, 19, 0, 0, 0, 0, 5.6391, 6, 557316, -3.38),
(217, 1, 11, 2, 20, 0, 0, 0, 12, 163.557, 164, 45527800, -0.298235),
(218, 1, 11, 2, 21, 0, 0, 0, 0, 7.66284, 8, 566648, 11.83),
(219, 1, 11, 2, 22, 0, 0, 0, 0, 7.98005, 8, 1002080, -5.4925),
(220, 1, 11, 2, 23, 0, 0, 0, 0, 2.23464, 3, 188797, 13.52),
(221, 1, 11, 2, 24, 0, 0, 0, 0, 6.17284, 7, 1960, -8.45),
(222, 1, 11, 2, 25, 0, 0, 0, 0, 16.4948, 17, 26779.8, 1.97167),
(223, 1, 11, 2, 26, 0, 0, 0, 0, 0.877193, 1, 2532.32, -9.98636),
(224, 1, 11, 2, 27, 0, 0, 0, 0, 3.2967, 4, 1288, 28.73),
(225, 1, 11, 2, 28, 0, 0, 0, 0, 5.21739, 6, 3612, -9.295),
(226, 1, 11, 2, 29, 0, 0, 0, 0, 10.4167, 11, 10010, 1.12667),
(227, 1, 11, 2, 30, 0, 0, 0, 0, 8.40336, 9, 8643.6, -14.534),
(229, 1, 13, 2, 1, 0, 0, 0, 0, 4.73186, 5, 3831.6, -5.64667),
(230, 1, 13, 2, 2, 0, 0, 0, 0, 3.78549, 4, 3065.28, -5.64667),
(231, 1, 13, 2, 3, 0, 0, 0, 0, 6.25, 7, 3784.48, 19.25),
(232, 1, 13, 2, 4, 0, 0, 0, 0, 24.3309, 25, 25730, -2.31),
(233, 1, 13, 2, 5, 0, 0, 0, 0, 2.83912, 3, 2298.96, -5.64667),
(234, 1, 13, 2, 6, 0, 0, 0, 0, 1.89274, 2, 1532.64, -5.64667),
(235, 1, 13, 2, 7, 0, 0, 0, 0, 3.73832, 4, 1011.84, 4.62),
(236, 1, 13, 2, 8, 0, 0, 0, 0, 4.5045, 5, 1123.2, -15.4),
(237, 1, 13, 2, 9, 0, 0, 0, 0, 1.79372, 2, 915.84, -12.32),
(238, 1, 13, 2, 10, 0, 0, 0, 0, 5.31915, 6, 1577.28, 7.7),
(239, 1, 13, 2, 11, 0, 0, 0, 0, 0.900901, 1, 224.64, -15.4),
(240, 1, 13, 2, 12, 0, 0, 0, 0, 1.95122, 2, 1016.8, 3.08),
(241, 1, 13, 2, 13, 0, 0, 0, 0, 0.917431, 1, 477.6, -5.39),
(242, 1, 13, 2, 14, 0, 0, 0, 0, 2.80374, 3, 94398.7, -15.4),
(243, 1, 13, 2, 15, 0, 0, 0, 0, 15.2047, 16, 738304, 0),
(244, 1, 13, 2, 16, 0, 0, 0, 0, 13.0435, 14, 444763, 6.16),
(245, 1, 13, 2, 17, 0, 0, 4, 24, 11.5644, 12, 6278830, 0.09625),
(246, 1, 13, 2, 18, 0, 0, 0, 0, 6.47482, 7, 543272, -5.13333),
(247, 1, 13, 2, 19, 0, 0, 0, 0, 8.37989, 9, 566392, 12.32),
(248, 1, 13, 2, 20, 0, 0, 4, 24, 77.5377, 78, 35880100, -1.694),
(249, 1, 13, 2, 21, 0, 0, 0, 0, 5.03778, 6, 573108, 5.005),
(250, 1, 13, 2, 22, 0, 0, 0, 0, 8.08081, 9, 1138230, 11.165),
(251, 1, 13, 2, 23, 0, 0, 0, 0, 2.01005, 3, 189705, -4.62),
(252, 1, 13, 2, 24, 0, 0, 0, 0, 6.17284, 7, 1960, -7.7),
(253, 1, 13, 2, 25, 0, 0, 0, 0, 15.9734, 16, 24926.7, 7.7),
(254, 1, 13, 2, 26, 0, 0, 0, 0, 12.3457, 13, 3640, -7.7),
(255, 1, 13, 2, 27, 0, 0, 0, 0, 3.7037, 4, 1120, -7.7),
(256, 1, 13, 2, 28, 0, 0, 0, 0, 6.15385, 7, 4018, -4.62),
(257, 1, 13, 2, 29, 0, 0, 0, 0, 10.4895, 11, 9856, 5.64667),
(258, 1, 13, 2, 30, 0, 0, 0, 0, 7.36648, 8, 7844.48, -2.772),
(260, 1, 17, 2, 1, 0, 0, 0, 0, 4.60123, 5, 3992.8, -9.54667),
(261, 1, 17, 2, 2, 0, 0, 0, 0, 3.68098, 4, 3194.24, -9.54667),
(262, 1, 17, 2, 3, 0, 0, 0, 0, 6.41711, 7, 3506.72, 10.74),
(263, 1, 17, 2, 4, 0, 0, 0, 0, 20.3233, 21, 22081.9, -5.8175),
(264, 1, 17, 2, 5, 0, 0, 0, 0, 2.76074, 3, 2395.68, -9.54667),
(265, 1, 17, 2, 6, 0, 0, 0, 0, 2.20588, 3, 2298.96, 8.95),
(266, 1, 17, 2, 7, 0, 0, 0, 0, 3.57143, 4, 1031.68, -26.85),
(267, 1, 17, 2, 8, 0, 0, 0, 0, 6.25, 7, 1632.96, -10.74),
(268, 1, 17, 2, 9, 0, 0, 0, 0, 1.79372, 2, 915.84, -14.32),
(269, 1, 17, 2, 10, 0, 0, 0, 0, 4.46429, 5, 1289.6, -26.85),
(270, 1, 17, 2, 11, 0, 0, 0, 0, 0.892857, 1, 233.28, -10.74),
(271, 1, 17, 2, 12, 0, 0, 0, 0, 2.1978, 3, 1488, -7.16),
(272, 1, 17, 2, 13, 0, 0, 0, 0, 0.892857, 1, 491.2, -18.795),
(273, 1, 17, 2, 14, 0, 0, 0, 0, 4.16667, 5, 151280, -14.32),
(274, 1, 17, 2, 15, 0, 0, 0, 0, 11.5044, 12, 592489, 11.635),
(275, 1, 17, 2, 16, 0, 0, 0, 0, 10.9091, 11, 352785, 41.17),
(276, 1, 17, 2, 17, 0, 0, 0, 12, 19.8238, 20, 6181490, -2.48611),
(277, 1, 17, 2, 18, 0, 0, 0, 0, 5.32544, 6, 485042, -2.98333),
(278, 1, 17, 2, 19, 0, 0, 0, 0, 5.6391, 6, 557316, -3.58),
(279, 1, 17, 2, 20, 0, 0, 0, 12, 180.169, 181, 41895000, -0.596667),
(280, 1, 17, 2, 21, 0, 0, 0, 0, 4.90196, 5, 477590, 3.1325),
(281, 1, 17, 2, 22, 0, 0, 0, 0, 8.0402, 9, 1132780, -5.37),
(282, 1, 17, 2, 23, 0, 0, 0, 0, 1.82648, 2, 125865, -25.06),
(283, 1, 17, 2, 24, 0, 0, 0, 0, 4.38596, 5, 1470, -1.79),
(284, 1, 17, 2, 25, 0, 0, 0, 0, 14.3284, 15, 22797.6, -16.11),
(285, 1, 17, 2, 26, 0, 0, 0, 0, 1.69779, 2, 2479.68, -17.542),
(286, 1, 17, 2, 27, 0, 0, 0, 0, 2.63158, 3, 882, -1.79),
(287, 1, 17, 2, 28, 0, 0, 0, 0, 5.19481, 6, 3444, -25.06),
(288, 1, 17, 2, 29, 0, 0, 0, 0, 8.64553, 9, 7938, -22.6733),
(289, 1, 17, 2, 30, 0, 0, 0, 0, 6.82594, 7, 7079.52, 1.074),
(290, 1, 16, 2, 1, 0, 0, 0, 0, 4.79233, 5, 4042.4, 14.72),
(291, 1, 16, 2, 2, 0, 0, 0, 0, 4.13793, 5, 3806.8, -3.06667),
(292, 1, 16, 2, 3, 0, 0, 0, 0, 5.97015, 6, 3095.04, 7.36),
(293, 1, 16, 2, 4, 0, 0, 0, 0, 18.3673, 19, 19177.8, -10.12),
(294, 1, 16, 2, 5, 0, 0, 0, 0, 2.8754, 3, 2425.44, 14.72),
(295, 1, 16, 2, 6, 0, 0, 0, 0, 1.91693, 2, 1616.96, 14.72),
(296, 1, 16, 2, 7, 0, 0, 0, 0, 4.25532, 5, 1314.4, 9.2),
(297, 1, 16, 2, 8, 0, 0, 0, 0, 3.34928, 4, 1866.24, 4.6),
(298, 1, 16, 2, 9, 0, 0, 0, 0, 0.980392, 1, 915.84, -0.46),
(299, 1, 16, 2, 10, 0, 0, 0, 0, 1.0101, 2, 2608.96, 5.888),
(300, 1, 16, 2, 11, 0, 0, 0, 0, 1.02041, 2, 483.84, 27.6),
(301, 1, 16, 2, 12, 0, 0, 0, 0, 1.95122, 2, 1016.8, 3.68),
(302, 1, 16, 2, 13, 0, 0, 0, 0, 0.970874, 1, 496.16, -0.92),
(303, 1, 16, 2, 14, 0, 0, 0, 0, 3.26087, 4, 127075, 7.36),
(304, 1, 16, 2, 15, 0, 0, 0, 0, 15.2047, 16, 738304, -9.2),
(305, 1, 16, 2, 16, 0, 0, 0, 0, 11.215, 12, 377595, -18.4),
(306, 1, 16, 2, 17, 0, 0, 0, 15, 15.7549, 16, 6460660, 3.76),
(307, 1, 16, 2, 18, 0, 0, 0, 0, 6.47482, 7, 543272, -12.2667),
(308, 1, 16, 2, 19, 0, 0, 0, 0, 4.77707, 5, 476532, 5.52),
(309, 1, 16, 2, 20, 0, 0, 0, 15, 127.599, 128, 47284900, 0.752727),
(310, 1, 16, 2, 21, 0, 0, 0, 0, 5.44959, 6, 559265, -5.52),
(311, 1, 16, 2, 22, 0, 0, 0, 0, 8.39895, 9, 1124620, 4.14),
(312, 1, 16, 2, 23, 0, 0, 0, 0, 1.0101, 2, 252940, 13.34),
(313, 1, 16, 2, 24, 0, 0, 0, 0, 0.956023, 1, 1506.4, -6.256),
(314, 1, 16, 2, 25, 0, 0, 0, 0, 11.7216, 12, 24864, 7.36),
(315, 1, 16, 2, 26, 0, 0, 0, 0, 1.76211, 2, 5162.08, 1.84),
(316, 1, 16, 2, 27, 0, 0, 0, 0, 1, 1, 966, 15.9467),
(317, 1, 16, 2, 28, 0, 0, 0, 0, 1.94805, 2, 3684.8, 0.613333),
(318, 1, 16, 2, 29, 0, 0, 0, 0, 4.87013, 5, 9212, 0.613333),
(319, 1, 16, 2, 30, 0, 0, 0, 0, 4.81928, 5, 8442, 5.29),
(320, 1, 7, 2, 1, 0, 0, 0, 0, 4.53172, 5, 4017.6, 2.33333),
(321, 1, 7, 2, 2, 0, 0, 0, 0, 3.62538, 4, 3214.08, 2.33333),
(322, 1, 7, 2, 3, 0, 0, 0, 0, 6.25, 7, 3628.24, 5.25),
(323, 1, 7, 2, 4, 0, 0, 0, 0, 17.9551, 18, 18123.8, -8.75),
(324, 1, 7, 2, 5, 0, 0, 0, 0, 2.71903, 3, 2410.56, 2.33333),
(325, 1, 7, 2, 6, 0, 0, 0, 0, 1.97368, 2, 1621.92, 12.8333),
(326, 1, 7, 2, 7, 0, 0, 0, 0, 3.57143, 4, 1170.56, 28),
(327, 1, 7, 2, 8, 0, 0, 0, 0, 6.25, 7, 1632.96, -10.5),
(328, 1, 7, 2, 9, 0, 0, 0, 0, 1.90476, 2, 950.4, 7.875),
(329, 1, 7, 2, 10, 0, 0, 0, 0, 4.46429, 5, 1289.6, -26.25),
(330, 1, 7, 2, 11, 0, 0, 0, 0, 0.892857, 1, 233.28, -10.5),
(331, 1, 7, 2, 12, 0, 0, 0, 0, 1.94175, 2, 1111.04, 18.375),
(332, 1, 7, 2, 13, 0, 0, 0, 0, 0.892857, 1, 525.92, 8.75),
(333, 1, 7, 2, 14, 0, 0, 0, 0, 2.80374, 3, 94398.7, -17.5),
(334, 1, 7, 2, 15, 0, 0, 0, 0, 11.5044, 12, 592489, 11.375),
(335, 1, 7, 2, 16, 0, 0, 0, 0, 13.0435, 14, 444763, 7),
(336, 1, 7, 2, 17, 0, 0, 0, 16, 14.4231, 15, 6586690, 1.89),
(337, 1, 7, 2, 18, 0, 0, 0, 0, 2.87081, 3, 475352, -6.125),
(338, 1, 7, 2, 19, 0, 0, 0, 0, 4.85437, 5, 473506, 9.91667),
(339, 1, 7, 2, 20, 0, 0, 0, 15, 138.759, 139, 47706600, -2.5),
(340, 1, 7, 2, 21, 0, 0, 0, 0, 4.90196, 5, 477590, 3.0625),
(341, 1, 7, 2, 22, 0, 0, 0, 0, 7.60095, 8, 1014180, -0.4375),
(342, 1, 7, 2, 23, 0, 0, 0, 0, 1.84332, 2, 127075, 11.375),
(343, 1, 7, 2, 24, 0, 0, 0, 0, 1.5528, 2, 1323.84, 19.8333),
(344, 1, 7, 2, 25, 0, 0, 0, 0, 25.7373, 26, 31522.4, 7.4375),
(345, 1, 7, 2, 26, 0, 0, 0, 0, 3.59343, 4, 9116.8, 9.275),
(346, 1, 7, 2, 27, 0, 0, 0, 0, 3.7037, 4, 1120, -8.75),
(347, 1, 7, 2, 28, 0, 0, 0, 0, 6.97674, 7, 4214, 10.5),
(348, 1, 7, 2, 29, 0, 0, 0, 0, 10.4167, 11, 10010, 7.58333),
(349, 1, 7, 2, 30, 0, 0, 0, 0, 7.43494, 8, 8050.56, 7.7),
(350, 1, 10, 2, 1, 0, 0, 0, 0, 5.01672, 6, 4627.68, 5.55),
(351, 1, 10, 2, 2, 0, 0, 0, 0, 4.01338, 5, 3856.4, 5.55),
(352, 1, 10, 2, 3, 0, 0, 0, 0, 6.25, 7, 3541.44, -5.55),
(353, 1, 10, 2, 4, 0, 0, 0, 0, 20.9476, 21, 21404.9, -3.7),
(354, 1, 10, 2, 5, 0, 0, 0, 0, 3.01003, 4, 3085.12, 5.55),
(355, 1, 10, 2, 6, 0, 0, 0, 0, 1.97368, 2, 1597.12, 6.16667),
(356, 1, 10, 2, 7, 0, 0, 0, 0, 4.25532, 5, 1314.4, 9.25),
(357, 1, 10, 2, 8, 0, 0, 0, 0, 3.44828, 4, 864, 0),
(358, 1, 10, 2, 9, 0, 0, 0, 0, 2.01005, 3, 1347.84, -5.55),
(359, 1, 10, 2, 10, 0, 0, 0, 0, 5.31915, 6, 1577.28, 9.25),
(360, 1, 10, 2, 11, 0, 0, 0, 0, 1.14943, 2, 432, 0),
(361, 1, 10, 2, 12, 0, 0, 0, 0, 1.82648, 2, 1021.76, -11.1),
(362, 1, 10, 2, 13, 0, 0, 0, 0, 2.29885, 3, 648, 0),
(363, 1, 10, 2, 14, 0, 0, 0, 0, 3.26087, 4, 127075, 7.4),
(364, 1, 10, 2, 15, 0, 0, 0, 0, 12.2642, 13, 629866, 17.575),
(365, 1, 10, 2, 16, 0, 0, 0, 0, 13.0435, 14, 444763, 7.4),
(366, 1, 10, 2, 17, 0, 0, 0, 12, 20.339, 21, 6511460, 3.90556),
(367, 1, 10, 2, 18, 0, 0, 0, 0, 19.5652, 20, 635376, 7.4),
(368, 1, 10, 2, 19, 0, 0, 0, 0, 4.93421, 5, 473506, 15.4167),
(369, 1, 10, 2, 20, 0, 0, 0, 0, 394.949, 395, 72578400, 14.0071),
(370, 1, 10, 2, 21, 0, 0, 0, 0, 5.39084, 6, 577261, 20.35),
(371, 1, 10, 2, 22, 0, 0, 0, 0, 9.01408, 10, 948259, 6.0125),
(372, 1, 10, 2, 23, 0, 0, 0, 0, 1.84332, 2, 127075, 12.025),
(373, 1, 10, 2, 24, 0, 0, 0, 0, 6.17284, 7, 1960, -9.25),
(374, 1, 10, 2, 25, 0, 0, 0, 0, 16.8421, 17, 26256.2, 2.46667),
(375, 1, 10, 2, 26, 0, 0, 0, 0, 12.3457, 13, 3640, -9.25),
(376, 1, 10, 2, 27, 0, 0, 0, 0, 3.7037, 4, 1120, -9.25),
(377, 1, 10, 2, 28, 0, 0, 0, 0, 6.97674, 7, 4214, 11.1),
(378, 1, 10, 2, 29, 0, 0, 0, 0, 10.4167, 11, 10010, 1.23333),
(379, 1, 10, 2, 30, 0, 0, 0, 0, 49.3827, 50, 14000, -9.25),
(380, 1, 9, 4, 1, 0, 0, 0, 0, 4.73186, 5, 3831.6, -5.35333),
(381, 1, 9, 4, 2, 0, 0, 0, 0, 3.78549, 4, 3065.28, -5.35333),
(382, 1, 9, 4, 3, 0, 0, 0, 0, 6.25, 7, 3541.44, -4.38),
(383, 1, 9, 4, 4, 0, 0, 0, 0, 20.9476, 21, 21404.9, -2.92),
(384, 1, 9, 4, 5, 0, 0, 0, 0, 2.83912, 3, 2298.96, -5.35333),
(385, 1, 9, 4, 6, 0, 0, 0, 0, 2.06897, 3, 2284.08, -2.43333),
(386, 1, 9, 4, 7, 0, 0, 0, 0, 3.73832, 4, 1011.84, 4.38),
(387, 1, 9, 4, 8, 0, 0, 0, 0, 3.06122, 4, 967.68, 21.9),
(388, 1, 9, 4, 9, 0, 0, 0, 0, 1.91388, 2, 933.12, 3.65),
(389, 1, 9, 4, 10, 0, 0, 0, 0, 4.6729, 5, 1264.8, 4.53),
(390, 1, 9, 4, 11, 0, 0, 0, 0, 1.02041, 2, 483.84, 22.65),
(391, 1, 9, 4, 12, 0, 0, 0, 0, 1.90476, 2, 1026.72, -10.22),
(392, 1, 9, 4, 13, 0, 0, 0, 0, 0.952381, 1, 534.56, 23.405),
(393, 1, 9, 4, 14, 0, 0, 0, 0, 3.26087, 4, 127075, 6.04),
(394, 1, 9, 4, 15, 0, 0, 0, 0, 15.2047, 16, 738304, 0),
(395, 1, 9, 4, 16, 0, 0, 0, 0, 11.215, 12, 377595, -15.1),
(396, 1, 9, 4, 17, 0, 0, 0, 15, 17.2662, 18, 6240880, 2.58857),
(397, 1, 9, 4, 18, 0, 0, 0, 0, 5.64263, 6, 479505, 4.53),
(398, 1, 9, 4, 19, 0, 0, 0, 0, 5.19031, 6, 570023, 19.63),
(399, 1, 9, 4, 20, 0, 0, 2, 21, 90.1187, 91, 31259400, -1.25833),
(400, 1, 9, 4, 21, 0, 0, 0, 0, 5.03778, 6, 573108, 4.9075),
(401, 1, 9, 4, 22, 0, 0, 0, 0, 8.08081, 9, 1138230, 10.9475),
(402, 1, 9, 4, 23, 0, 0, 0, 0, 2.03046, 3, 189705, 26.425),
(403, 1, 9, 4, 24, 0, 0, 0, 0, 5.49451, 6, 1932, 25.67),
(404, 1, 9, 4, 25, 0, 1, 1, 0, 18.6408, 19, 24386.9, 7.852),
(405, 1, 9, 4, 26, 0, 1, 4, 0, 4.73613, 5, 8727.6, 2.80429),
(406, 1, 9, 4, 27, 0, 0, 0, 0, 3.22581, 4, 1344, 28.69),
(407, 1, 9, 4, 28, 0, 0, 0, 0, 10.3448, 11, 3388, -15.1),
(408, 1, 9, 4, 29, 0, 2, 0, 0, 14.6341, 15, 9240, 12.08),
(409, 1, 9, 4, 30, 0, 0, 0, 0, 7.8125, 8, 7844.48, 2.416),
(410, 1, 11, 4, 1, 0, 0, 0, 0, 4.93421, 5, 3992.8, 5.63333),
(411, 1, 11, 4, 2, 0, 0, 0, 0, 3.94737, 4, 3104.96, -5.07),
(412, 1, 11, 4, 3, 0, 0, 0, 0, 10.7143, 11, 3219.04, 27.04),
(413, 1, 11, 4, 4, 0, 0, 0, 0, 18.3206, 19, 19413.4, 0.845),
(414, 1, 11, 4, 5, 0, 0, 0, 0, 3.01003, 4, 3035.52, -1.69),
(415, 1, 11, 4, 6, 0, 0, 0, 0, 2.80374, 3, 1621.92, -0.845),
(416, 1, 11, 4, 7, 0, 0, 0, 0, 3.57143, 4, 1170.56, 27.04),
(417, 1, 11, 4, 8, 0, 0, 1, 0, 2.04082, 3, 725.76, 25.35),
(418, 1, 11, 4, 9, 0, 0, 2, 0, 2.16216, 3, 1373.76, 12.675),
(419, 1, 11, 4, 10, 0, 0, 0, 0, 5.31915, 6, 1577.28, 7.55),
(420, 1, 11, 4, 11, 0, 0, 0, 0, 0.892857, 1, 233.28, -9.06),
(421, 1, 11, 4, 12, 0, 0, 0, 0, 1.82648, 2, 1021.76, -10.14),
(422, 1, 11, 4, 13, 0, 0, 0, 0, 0.952381, 1, 488.72, -3.775),
(423, 1, 11, 4, 14, 0, 0, 0, 0, 3.44828, 4, 124655, 18.12),
(424, 1, 11, 4, 15, 2, 0, 0, 0, 10.6122, 11, 517736, -1.51),
(425, 1, 11, 4, 16, 0, 0, 0, 0, 13.0435, 14, 444763, 6.04),
(426, 1, 11, 4, 17, 2, 0, 0, 16, 13.079, 14, 5017040, -1.30409),
(427, 1, 11, 4, 18, 0, 0, 0, 0, 6.12245, 7, 565273, 23.1533),
(428, 1, 11, 4, 19, 0, 0, 0, 0, 5.6391, 6, 557316, -3.02),
(429, 1, 11, 4, 20, 2, 0, 0, 16, 102.241, 103, 33765100, -0.215714),
(430, 1, 11, 4, 21, 0, 0, 0, 0, 5.8651, 6, 563418, 7.1725),
(431, 1, 11, 4, 22, 0, 0, 0, 0, 7.98005, 8, 1002080, -4.9075),
(432, 1, 11, 4, 23, 0, 0, 0, 0, 2.23464, 3, 188797, 12.08),
(433, 1, 11, 4, 24, 0, 0, 0, 0, 6.17284, 7, 1960, -7.55),
(434, 1, 11, 4, 25, 0, 0, 0, 0, 16.4948, 17, 26779.8, 1.76167),
(435, 1, 11, 4, 26, 0, 0, 0, 0, 0.860585, 1, 2523.92, -11.6682),
(436, 1, 11, 4, 27, 0, 0, 0, 0, 3.2967, 4, 1288, 25.67),
(437, 1, 11, 4, 28, 0, 0, 0, 0, 5.21739, 6, 3612, -8.305),
(438, 1, 11, 4, 29, 0, 0, 0, 0, 10.4167, 11, 10010, 1.00667),
(439, 1, 11, 4, 30, 0, 0, 0, 0, 8.40336, 9, 8643.6, -12.986),
(440, 1, 11, 4, 1, 0, 0, 0, 0, 4.93421, 5, 3992.8, 5.63333),
(441, 1, 11, 4, 2, 0, 0, 0, 0, 3.94737, 4, 3104.96, -5.07),
(442, 1, 11, 4, 3, 0, 0, 0, 0, 10.7143, 11, 3219.04, 27.04),
(443, 1, 11, 4, 4, 0, 0, 0, 0, 18.3206, 19, 19413.4, 0.845),
(444, 1, 11, 4, 5, 0, 0, 0, 0, 3.01003, 4, 3035.52, -1.69),
(445, 1, 11, 4, 6, 0, 0, 0, 0, 2.80374, 3, 1621.92, -0.845),
(446, 1, 11, 4, 7, 0, 0, 0, 0, 3.57143, 4, 1170.56, 27.04),
(447, 1, 11, 4, 8, 0, 0, 1, 0, 2.04082, 3, 725.76, 25.35),
(448, 1, 11, 4, 9, 0, 0, 2, 0, 2.16216, 3, 1373.76, 12.675),
(449, 1, 11, 4, 10, 0, 0, 0, 0, 5.31915, 6, 1577.28, 7.55),
(450, 1, 11, 4, 11, 0, 0, 0, 0, 0.892857, 1, 233.28, -9.06),
(451, 1, 11, 4, 12, 0, 0, 0, 0, 1.82648, 2, 1021.76, -10.14),
(452, 1, 11, 4, 13, 0, 0, 0, 0, 0.952381, 1, 488.72, -3.775),
(453, 1, 11, 4, 14, 0, 0, 0, 0, 3.44828, 4, 124655, 18.12),
(454, 1, 11, 4, 15, 2, 0, 0, 0, 10.6122, 11, 517736, -1.51),
(455, 1, 11, 4, 16, 0, 0, 0, 0, 13.0435, 14, 444763, 6.04),
(456, 1, 11, 4, 17, 2, 0, 0, 16, 13.079, 14, 5017040, -1.30409),
(457, 1, 11, 4, 18, 0, 0, 0, 0, 6.12245, 7, 565273, 23.1533),
(458, 1, 11, 4, 19, 0, 0, 0, 0, 5.6391, 6, 557316, -3.02),
(459, 1, 11, 4, 20, 2, 0, 0, 16, 102.241, 103, 33765100, -0.215714),
(460, 1, 11, 4, 21, 0, 0, 0, 0, 5.8651, 6, 563418, 7.1725),
(461, 1, 11, 4, 22, 0, 0, 0, 0, 7.98005, 8, 1002080, -4.9075),
(462, 1, 11, 4, 23, 0, 0, 0, 0, 2.23464, 3, 188797, 12.08),
(463, 1, 11, 4, 24, 0, 0, 0, 0, 6.17284, 7, 1960, -7.55),
(464, 1, 11, 4, 25, 0, 0, 0, 0, 16.4948, 17, 26779.8, 1.76167),
(465, 1, 11, 4, 26, 0, 0, 0, 0, 0.860585, 1, 2523.92, -11.6682),
(466, 1, 11, 4, 27, 0, 0, 0, 0, 3.2967, 4, 1288, 25.67),
(467, 1, 11, 4, 28, 0, 0, 0, 0, 5.21739, 6, 3612, -8.305),
(468, 1, 11, 4, 29, 0, 0, 0, 0, 10.4167, 11, 10010, 1.00667),
(469, 1, 11, 4, 30, 0, 0, 0, 0, 8.40336, 9, 8643.6, -12.986),
(470, 1, 15, 4, 1, 0, 0, 0, 0, 5.26316, 6, 4538.4, 7.8),
(471, 1, 15, 4, 2, 0, 0, 0, 0, 4.21053, 5, 3782, 7.8),
(472, 1, 15, 4, 3, 0, 0, 0, 0, 5.60748, 6, 3243.84, -0.9),
(473, 1, 15, 4, 4, 0, 0, 0, 0, 19.4647, 20, 20584, -2.7),
(474, 1, 15, 4, 5, 0, 0, 0, 0, 3.06122, 4, 3154.56, 4.8),
(475, 1, 15, 4, 6, 0, 0, 0, 0, 1.89274, 2, 1532.64, -6.6),
(476, 1, 15, 4, 7, 0, 0, 0, 0, 1.99005, 2, 1031.68, 7.2),
(477, 1, 15, 4, 8, 0, 0, 0, 0, 8.04598, 9, 1944, 0),
(478, 1, 15, 4, 9, 0, 0, 0, 0, 1.79372, 2, 915.84, -14.4),
(479, 1, 15, 4, 10, 0, 0, 0, 0, 1.75439, 2, 1512.8, 7.54),
(480, 1, 15, 4, 11, 0, 0, 0, 0, 1.14943, 2, 432, 0),
(481, 1, 15, 4, 12, 0, 0, 0, 0, 1.94175, 2, 1041.6, -9),
(482, 1, 15, 4, 13, 0, 0, 0, 0, 0.952381, 1, 534.56, 26.97),
(483, 1, 15, 4, 14, 0, 0, 0, 0, 2.72727, 3, 96214.1, 40.02),
(484, 1, 15, 4, 15, 0, 0, 0, 0, 7.08447, 8, 745687, -5.22),
(485, 1, 15, 4, 16, 0, 0, 0, 0, 13.7931, 14, 436292, 20.88),
(486, 1, 15, 4, 17, 0, 0, 0, 12, 20.2817, 21, 6499070, 1.35333),
(487, 1, 15, 4, 18, 0, 0, 0, 0, 6.97674, 7, 541154, 6.96),
(488, 1, 15, 4, 19, 0, 0, 0, 0, 4.82315, 5, 473506, -13.92),
(489, 1, 15, 4, 20, 0, 0, 0, 12, 157.722, 158, 44117300, 2.25176),
(490, 1, 15, 4, 21, 0, 0, 0, 0, 5.44959, 6, 559265, -5.22),
(491, 1, 15, 4, 22, 0, 0, 0, 0, 8.35509, 9, 1124620, -13.92),
(492, 1, 15, 4, 23, 0, 0, 0, 0, 2.03046, 3, 189705, 30.45),
(493, 1, 15, 4, 24, 0, 0, 0, 0, 2.43902, 3, 1848, 13.92),
(494, 1, 15, 4, 25, 0, 1, 0, 0, 8.51819, 9, 25270.6, -4.11273),
(495, 1, 15, 4, 26, 0, 0, 0, 0, 1.41044, 2, 6670.72, -2.85857),
(496, 1, 15, 4, 27, 0, 0, 0, 0, 1.03093, 2, 1792, -7.54),
(497, 1, 15, 4, 28, 0, 0, 0, 0, 1.94805, 2, 3684.8, 0.58),
(498, 1, 15, 4, 29, 0, 0, 0, 0, 4.96689, 5, 8932, -6.38),
(499, 1, 15, 4, 30, 0, 0, 0, 0, 3.83142, 4, 7927.36, -8.7),
(500, 1, 6, 4, 1, 0, 0, 0, 0, 4.53172, 5, 4017.6, 2.02667),
(501, 1, 6, 4, 2, 0, 0, 0, 0, 3.62538, 4, 3214.08, 2.02667),
(502, 1, 6, 4, 3, 0, 0, 0, 0, 6.89655, 7, 3576.16, 10.64),
(503, 1, 6, 4, 4, 0, 0, 0, 0, 25.8661, 26, 27339.5, -4.94),
(504, 1, 6, 4, 5, 0, 0, 0, 0, 2.71903, 3, 2410.56, 2.02667),
(505, 1, 6, 4, 6, 0, 0, 0, 0, 1.81269, 2, 1607.04, 2.02667),
(506, 1, 6, 4, 7, 0, 0, 0, 0, 3.57143, 4, 1031.68, -22.8),
(507, 1, 6, 4, 8, 0, 0, 0, 0, 1.78571, 2, 466.56, -9.12),
(508, 1, 6, 4, 9, 0, 0, 0, 0, 1.90476, 2, 950.4, 6.84),
(509, 1, 6, 4, 10, 0, 0, 0, 0, 4.46429, 5, 1289.6, -22.65),
(510, 1, 6, 4, 11, 0, 0, 0, 0, 0.892857, 1, 233.28, -9.06),
(511, 1, 6, 4, 12, 0, 0, 0, 0, 2.1978, 3, 1488, -6.08),
(512, 1, 6, 4, 13, 0, 0, 0, 0, 0.934579, 1, 481.28, -17.365),
(513, 1, 6, 4, 14, 0, 0, 0, 0, 2.72727, 3, 96214.1, 34.73),
(514, 1, 6, 4, 15, 0, 0, 2, 0, 11.5044, 12, 592489, 9.815),
(515, 1, 6, 4, 16, 0, 0, 0, 0, 11.215, 12, 377595, -15.1),
(516, 1, 6, 4, 17, 0, 0, 0, 12, 19.9778, 20, 6225890, 4.27833),
(517, 1, 6, 4, 18, 0, 0, 0, 0, 5.35714, 6, 488673, 18.12),
(518, 1, 6, 4, 19, 0, 0, 0, 0, 5.24476, 6, 566392, 3.02),
(519, 1, 6, 4, 20, 0, 0, 0, 24, 87.0812, 88, 44709500, 0.235938),
(520, 1, 6, 4, 21, 0, 0, 0, 0, 5.19481, 6, 582799, 14.345),
(521, 1, 6, 4, 22, 0, 0, 0, 0, 8.81543, 9, 1121890, -3.775),
(522, 1, 6, 4, 23, 0, 0, 0, 0, 1.84332, 2, 127075, 9.815),
(523, 1, 6, 4, 24, 0, 0, 0, 0, 4.38596, 5, 1470, -1.51),
(524, 1, 6, 4, 25, 0, 0, 0, 0, 14.792, 15, 24544.8, 13.8417),
(525, 1, 6, 4, 26, 0, 0, 0, 0, 8.77193, 9, 2646, -1.51),
(526, 1, 6, 4, 27, 0, 0, 0, 0, 2.63158, 3, 882, -1.51),
(527, 1, 6, 4, 28, 0, 0, 0, 0, 5.21739, 6, 3612, -8.305),
(528, 1, 6, 4, 29, 0, 0, 0, 0, 9.34579, 10, 9240, 3.02),
(529, 1, 6, 4, 30, 0, 0, 0, 0, 7.0922, 8, 8158.08, 6.946),
(530, 1, 12, 4, 1, 0, 0, 0, 0, 4.53172, 5, 4017.6, 2.25333),
(531, 1, 12, 4, 2, 0, 0, 0, 0, 3.62538, 4, 3214.08, 2.25333),
(532, 1, 12, 4, 3, 0, 0, 0, 0, 6.74157, 7, 3524.08, 8.45),
(533, 1, 12, 4, 4, 0, 0, 0, 0, 14.1844, 15, 27267.6, 0.482857),
(534, 1, 12, 4, 5, 0, 0, 0, 0, 2.71903, 3, 2410.56, 2.25333),
(535, 1, 12, 4, 6, 0, 0, 0, 0, 2.20588, 3, 2298.96, 8.45),
(536, 1, 12, 4, 7, 0, 0, 0, 0, 3.73832, 4, 1011.84, 5.07),
(537, 1, 12, 4, 8, 0, 0, 0, 0, 4.5045, 5, 1123.2, -16.9),
(538, 1, 12, 4, 9, 0, 0, 0, 0, 1.79372, 2, 915.84, -13.52),
(539, 1, 12, 4, 10, 0, 0, 0, 0, 4.46429, 5, 1289.6, -24.45),
(540, 1, 12, 4, 11, 0, 0, 0, 0, 0.900901, 1, 224.64, -16.3),
(541, 1, 12, 4, 12, 0, 0, 0, 0, 2.13904, 3, 1502.88, 10.14),
(542, 1, 12, 4, 13, 0, 0, 0, 0, 0.917431, 1, 477.6, -5.705),
(543, 1, 12, 4, 14, 0, 0, 0, 0, 2.72727, 3, 96214.1, 37.49),
(544, 1, 12, 4, 15, 0, 0, 0, 0, 4.58554, 5, 716386, 8.69333),
(545, 1, 12, 4, 16, 0, 0, 0, 0, 11.215, 12, 377595, -16.3),
(546, 1, 12, 4, 17, 0, 0, 0, 16, 14.5103, 15, 6591230, 2.6732),
(547, 1, 12, 4, 18, 0, 0, 0, 0, 5.59006, 6, 483135, 22.82),
(548, 1, 12, 4, 19, 0, 0, 0, 0, 5.24476, 6, 566392, 3.26),
(549, 1, 12, 4, 20, 0, 0, 0, 15, 123.836, 124, 45980700, 3.63045),
(550, 1, 12, 4, 21, 0, 0, 0, 0, 5.03778, 6, 573108, 5.2975),
(551, 1, 12, 4, 22, 0, 0, 0, 0, 8.81543, 9, 1121890, -4.075),
(552, 1, 12, 4, 23, 0, 0, 0, 0, 1.84332, 2, 127075, 10.595),
(553, 1, 12, 4, 24, 0, 0, 0, 0, 1.02669, 2, 3012.8, 1.63),
(554, 1, 12, 4, 25, 0, 0, 0, 0, 8.52575, 9, 25452, 0.740909),
(555, 1, 12, 4, 26, 0, 0, 0, 0, 5.02152, 6, 12734.4, -0.698571),
(556, 1, 12, 4, 27, 0, 0, 0, 0, 0.934579, 1, 924, 3.26),
(557, 1, 12, 4, 28, 0, 0, 0, 0, 2.06897, 3, 5527.2, 6.52),
(558, 1, 12, 4, 29, 0, 0, 0, 0, 4.87013, 5, 9212, 0.543333),
(559, 1, 12, 4, 30, 0, 0, 0, 0, 3.82775, 4, 8151.36, 2.771),
(560, 1, 14, 4, 1, 0, 0, 0, 0, 4.79233, 5, 3868.8, -3.85),
(561, 1, 14, 4, 2, 0, 0, 0, 0, 3.83387, 4, 3095.04, -3.85),
(562, 1, 14, 4, 3, 0, 0, 0, 0, 5.71429, 6, 3288.48, 14.025),
(563, 1, 14, 4, 4, 0, 0, 0, 0, 14.1176, 15, 15996, 3.7125),
(564, 1, 14, 4, 5, 0, 0, 0, 0, 2.8754, 3, 2321.28, -3.85),
(565, 1, 14, 4, 6, 0, 0, 0, 0, 2.04082, 3, 2365.92, 4.4),
(566, 1, 14, 4, 7, 0, 0, 0, 0, 4.25532, 5, 1314.4, 8.25),
(567, 1, 14, 4, 8, 0, 0, 0, 0, 5.10204, 6, 1451.52, 23.85),
(568, 1, 14, 4, 9, 0, 0, 0, 0, 1.90476, 2, 950.4, 7.155),
(569, 1, 14, 4, 10, 0, 0, 0, 0, 5.31915, 6, 1577.28, 7.95),
(570, 1, 14, 4, 11, 0, 0, 0, 0, 1.02041, 2, 483.84, 23.85),
(571, 1, 14, 4, 12, 0, 0, 0, 0, 1.82648, 2, 1021.76, -9.9),
(572, 1, 14, 4, 13, 0, 0, 0, 0, 2.12766, 3, 788.64, 7.95),
(573, 1, 14, 4, 14, 0, 0, 0, 0, 3.26087, 4, 127075, 6.36),
(574, 1, 14, 4, 15, 0, 0, 0, 0, 11.5044, 12, 592489, 10.335),
(575, 1, 14, 4, 16, 0, 0, 0, 0, 10.9091, 11, 352785, 36.57),
(576, 1, 14, 4, 17, 0, 0, 0, 12, 20.0445, 21, 6496920, 0.618333),
(577, 1, 14, 4, 18, 0, 0, 0, 0, 5.66038, 6, 486857, 9.01),
(578, 1, 14, 4, 19, 0, 0, 0, 0, 4.93421, 5, 473506, 13.25),
(579, 1, 14, 4, 20, 0, 0, 0, 12, 129.84, 130, 36128400, 1.59),
(580, 1, 14, 4, 21, 0, 0, 0, 0, 5.03778, 6, 573108, 5.1675),
(581, 1, 14, 4, 22, 0, 0, 0, 0, 8.0402, 9, 1132780, -4.77),
(582, 1, 14, 4, 23, 0, 0, 0, 0, 2.01005, 3, 189705, -4.77),
(583, 1, 14, 4, 24, 0, 0, 0, 0, 5.49451, 6, 1932, 27.03),
(584, 1, 14, 4, 25, 0, 0, 0, 0, 15.9734, 16, 24801.3, -1.59),
(585, 1, 14, 4, 26, 0, 0, 0, 0, 3.20513, 4, 10259.2, 0.578182),
(586, 1, 14, 4, 27, 0, 0, 0, 0, 3.2967, 4, 1288, 27.03),
(587, 1, 14, 4, 28, 0, 0, 0, 0, 6.09137, 7, 4116, -11.925),
(588, 1, 14, 4, 29, 0, 0, 0, 0, 10.4167, 11, 10010, 1.06),
(589, 1, 14, 4, 30, 0, 0, 0, 0, 7.61905, 8, 8355.2, 12.72),
(590, 1, 7, 4, 1, 0, 0, 0, 0, 4.53172, 5, 4017.6, 2.33333),
(591, 1, 7, 4, 2, 0, 0, 0, 0, 3.62538, 4, 3214.08, 2.33333),
(592, 1, 7, 4, 3, 0, 0, 0, 0, 6.25, 7, 3628.24, 5.25),
(593, 1, 7, 4, 4, 0, 0, 0, 0, 17.9551, 18, 18123.8, -8.75),
(594, 1, 7, 4, 5, 0, 0, 0, 0, 2.71903, 3, 2410.56, 2.33333),
(595, 1, 7, 4, 6, 0, 0, 0, 0, 1.97368, 2, 1621.92, 12.8333),
(596, 1, 7, 4, 7, 0, 0, 0, 0, 3.57143, 4, 1170.56, 28),
(597, 1, 7, 4, 8, 0, 0, 0, 0, 6.25, 7, 1632.96, -10.5),
(598, 1, 7, 4, 9, 0, 0, 0, 0, 1.90476, 2, 950.4, 7.875),
(599, 1, 7, 4, 10, 0, 0, 0, 0, 4.46429, 5, 1463.2, 26.56),
(600, 1, 7, 4, 11, 0, 0, 0, 0, 1.02041, 2, 483.84, 24.9),
(601, 1, 7, 4, 12, 0, 0, 0, 0, 1.94175, 2, 1111.04, 18.375),
(602, 1, 7, 4, 13, 0, 1, 0, 0, 1.8018, 2, 449.28, -16.6),
(603, 1, 7, 4, 14, 0, 0, 0, 0, 2.72727, 3, 96214.1, 38.18),
(604, 1, 7, 4, 15, 0, 0, 1, 0, 21.4876, 22, 558342, 28.22),
(605, 1, 7, 4, 16, 0, 1, 0, 0, 0, 0, 0, 0),
(606, 1, 7, 4, 17, 0, 0, 0, 12, 30, 30, 4518720, 0),
(607, 1, 7, 4, 18, 0, 1, 1, 0, 4.56853, 5, 508026, -8.3),
(608, 1, 7, 4, 19, 0, 0, 0, 0, 4.85437, 5, 476532, 9.40667),
(609, 1, 7, 4, 20, 0, 0, 0, 16, 158.312, 159, 31932300, 0),
(610, 1, 7, 4, 21, 0, 0, 1, 0, 6.87285, 7, 511968, 19.92),
(611, 1, 7, 4, 22, 0, 0, 0, 0, 7.60095, 8, 1014180, -0.415),
(612, 1, 7, 4, 23, 0, 0, 0, 0, 1.84332, 2, 127075, 10.79),
(613, 1, 7, 4, 24, 0, 1, 0, 0, 2.40385, 3, 1103.76, 29.05),
(614, 1, 7, 4, 25, 0, 1, 0, 0, 33.3333, 34, 30940, 1.10667),
(615, 1, 7, 4, 26, 0, 1, 0, 0, 3.96376, 4, 7828.8, 4.61111),
(616, 1, 7, 4, 27, 0, 0, 0, 0, 3.2967, 4, 1288, 28.22),
(617, 1, 7, 4, 28, 0, 0, 0, 0, 6.81818, 7, 4370.8, 17.43),
(618, 1, 7, 4, 29, 0, 0, 0, 0, 11.1524, 12, 11524.8, 22.1333),
(619, 1, 7, 4, 30, 0, 1, 1, 0, 12.7389, 13, 7076.16, 19.3667),
(620, 1, 10, 4, 1, 0, 0, 0, 0, 5.01672, 6, 4627.68, 5.55),
(621, 1, 10, 4, 2, 0, 0, 0, 0, 4.01338, 5, 3856.4, 5.55),
(622, 1, 10, 4, 3, 0, 0, 0, 0, 6.25, 7, 3541.44, -5.55),
(623, 1, 10, 4, 4, 0, 0, 0, 0, 20.9476, 21, 21404.9, -3.7),
(624, 1, 10, 4, 5, 0, 0, 0, 0, 3.01003, 4, 3085.12, 5.55),
(625, 1, 10, 4, 6, 0, 0, 0, 0, 1.97368, 2, 1597.12, 6.16667),
(626, 1, 10, 4, 7, 0, 0, 0, 0, 4.25532, 5, 1314.4, 9.25),
(627, 1, 10, 4, 8, 0, 0, 0, 0, 3.44828, 4, 864, 0),
(628, 1, 10, 4, 9, 0, 0, 0, 0, 2.01005, 3, 1347.84, -5.55),
(629, 1, 10, 4, 10, 0, 0, 0, 0, 5.31915, 6, 1577.28, 7.55),
(630, 1, 10, 4, 11, 0, 0, 0, 0, 1.14943, 2, 432, 0),
(631, 1, 10, 4, 12, 0, 0, 0, 0, 1.82648, 2, 1021.76, -11.1),
(632, 1, 10, 4, 13, 0, 0, 0, 0, 2.29885, 3, 648, 0),
(633, 1, 10, 4, 14, 0, 0, 0, 0, 3.26087, 4, 127075, 6.04),
(634, 1, 10, 4, 15, 0, 0, 0, 0, 12.2642, 13, 629866, 14.345),
(635, 1, 10, 4, 16, 0, 0, 0, 0, 13.0435, 14, 444763, 6.04),
(636, 1, 10, 4, 17, 0, 0, 0, 12, 20.339, 21, 6511460, 3.18778),
(637, 1, 10, 4, 18, 0, 0, 0, 0, 5.92105, 6, 481320, 11.5767),
(638, 1, 10, 4, 19, 0, 0, 0, 0, 4.93421, 5, 473506, 12.5833),
(639, 1, 10, 4, 20, 0, 0, 0, 12, 136.24, 137, 48969100, 3.3975),
(640, 1, 10, 4, 21, 0, 0, 0, 0, 5.39084, 6, 577261, 16.61),
(641, 1, 10, 4, 22, 0, 0, 0, 0, 9.01408, 10, 948259, 4.9075),
(642, 1, 10, 4, 23, 0, 0, 0, 0, 1.84332, 2, 127075, 9.815),
(643, 1, 10, 4, 24, 0, 0, 0, 0, 6.17284, 7, 1960, -7.55),
(644, 1, 10, 4, 25, 0, 0, 0, 0, 16.8421, 17, 26256.2, 2.01333),
(645, 1, 10, 4, 26, 0, 0, 0, 0, 12.3457, 13, 3640, -7.55),
(646, 1, 10, 4, 27, 0, 0, 0, 0, 3.7037, 4, 1120, -7.55),
(647, 1, 10, 4, 28, 0, 0, 0, 0, 6.97674, 7, 4214, 9.06),
(648, 1, 10, 4, 29, 0, 0, 0, 0, 10.4167, 11, 10010, 1.00667),
(649, 1, 10, 4, 30, 0, 0, 0, 0, 8.28157, 9, 8885.52, -0.302),
(650, 1, 17, 4, 1, 0, 0, 0, 0, 4.60123, 5, 3992.8, -9.54667),
(651, 1, 17, 4, 2, 0, 0, 0, 0, 3.68098, 4, 3194.24, -9.54667),
(652, 1, 17, 4, 3, 0, 0, 0, 0, 6.41711, 7, 3506.72, 10.74),
(653, 1, 17, 4, 4, 0, 0, 0, 0, 20.3233, 21, 22081.9, -5.8175),
(654, 1, 17, 4, 5, 0, 0, 0, 0, 2.76074, 3, 2395.68, -9.54667),
(655, 1, 17, 4, 6, 0, 0, 0, 0, 2.20588, 3, 2298.96, 8.95),
(656, 1, 17, 4, 7, 0, 0, 0, 0, 3.57143, 4, 1031.68, -26.85),
(657, 1, 17, 4, 8, 0, 0, 0, 0, 6.25, 7, 1632.96, -10.74),
(658, 1, 17, 4, 9, 0, 0, 0, 0, 1.79372, 2, 915.84, -14.32),
(659, 1, 17, 4, 10, 0, 0, 0, 0, 4.46429, 5, 1463.2, 30.4),
(660, 1, 17, 4, 11, 0, 0, 0, 0, 1.02041, 2, 483.84, 28.5),
(661, 1, 17, 4, 12, 0, 0, 0, 0, 2.1978, 3, 1488, -7.16),
(662, 1, 17, 4, 13, 0, 0, 0, 0, 0.952381, 1, 534.56, 29.45),
(663, 1, 17, 4, 14, 0, 0, 0, 0, 2.72727, 3, 96214.1, 43.7),
(664, 1, 17, 4, 15, 0, 0, 0, 0, 11.5044, 12, 592489, 12.35),
(665, 1, 17, 4, 16, 0, 0, 0, 0, 13.0435, 14, 444763, 7.6),
(666, 1, 17, 4, 17, 0, 0, 0, 12, 19.7044, 20, 6181490, -2.21667),
(667, 1, 17, 4, 18, 0, 0, 0, 0, 5.32544, 6, 485042, -3.16667),
(668, 1, 17, 4, 19, 0, 0, 0, 0, 5.9761, 6, 559131, 5.06667),
(669, 1, 17, 4, 20, 0, 0, 0, 12, 165.058, 166, 46083000, -1.22941),
(670, 1, 17, 4, 21, 0, 0, 0, 0, 4.90196, 5, 477590, 3.325),
(671, 1, 17, 4, 22, 0, 0, 0, 0, 8.93855, 9, 1121890, -0.95),
(672, 1, 17, 4, 23, 0, 0, 0, 0, 2.03046, 3, 189705, 33.25),
(673, 1, 17, 4, 24, 0, 0, 0, 0, 6.17284, 7, 1960, -9.5),
(674, 1, 17, 4, 25, 0, 0, 0, 0, 15.6863, 16, 23878.4, -14.5667),
(675, 1, 17, 4, 26, 0, 0, 0, 0, 2.01613, 3, 3570, -12.54),
(676, 1, 17, 4, 27, 0, 0, 0, 0, 3.7037, 4, 1120, -9.5),
(677, 1, 17, 4, 28, 0, 0, 0, 0, 6.06061, 7, 3920, -30.4),
(678, 1, 17, 4, 29, 0, 0, 0, 0, 9.61539, 10, 8540, -20.9),
(679, 1, 17, 4, 30, 0, 0, 0, 0, 8.56531, 9, 8568, -17.48),
(680, 1, 8, 4, 1, 0, 0, 0, 0, 4.65839, 5, 4030, 1.18),
(681, 1, 8, 4, 2, 0, 0, 0, 0, 3.72671, 4, 3224, 1.18),
(682, 1, 8, 4, 3, 0, 0, 0, 0, 5.35714, 6, 3303.36, 0.885),
(683, 1, 8, 4, 4, 0, 0, 0, 0, 19.9005, 20, 21080, 4.8675),
(684, 1, 8, 4, 5, 0, 0, 0, 0, 2.79503, 3, 2418, 1.18),
(685, 1, 8, 4, 6, 0, 0, 0, 0, 1.86335, 2, 1612, 1.18),
(686, 1, 8, 4, 7, 0, 0, 0, 0, 3.57143, 4, 1170.56, 28.32),
(687, 1, 8, 4, 8, 0, 0, 0, 0, 6.25, 7, 1632.96, -10.62),
(688, 1, 8, 4, 9, 0, 0, 0, 0, 2.01005, 3, 1347.84, -5.31),
(689, 1, 8, 4, 10, 0, 0, 0, 0, 4.46429, 5, 1463.2, 24.64),
(690, 1, 8, 4, 11, 0, 0, 0, 0, 0.502513, 1, 449.28, -4.62),
(691, 1, 8, 4, 12, 0, 0, 0, 0, 1.78571, 2, 1101.12, 0.885),
(692, 1, 8, 4, 13, 0, 0, 0, 0, 0.892857, 1, 525.92, 7.7),
(693, 1, 8, 4, 14, 0, 0, 0, 0, 3.44828, 4, 124655, 18.48),
(694, 1, 8, 4, 15, 0, 0, 0, 0, 13, 13, 650861, 33.88),
(695, 1, 8, 4, 16, 0, 0, 0, 0, 13.7931, 14, 436292, 18.48),
(696, 1, 8, 4, 17, 0, 0, 0, 1, 93.0233, 94, 8815500, 21.56),
(697, 1, 8, 4, 18, 0, 0, 0, 0, 6.61765, 7, 562256, 18.48),
(698, 1, 8, 4, 19, 0, 0, 0, 0, 4.93421, 5, 473506, 12.8333),
(699, 1, 8, 4, 20, 0, 0, 0, 25, 86.8496, 87, 45214500, -0.513333),
(700, 1, 8, 4, 21, 0, 0, 0, 0, 10, 10, 500662, 33.88),
(701, 1, 8, 4, 22, 0, 0, 0, 0, 8.51064, 9, 1124620, 6.545),
(702, 1, 8, 4, 23, 0, 0, 0, 0, 2.06186, 3, 187890, 1.54),
(703, 1, 8, 4, 24, 0, 0, 0, 0, 6.17284, 7, 1960, -7.7),
(704, 1, 8, 4, 25, 0, 0, 0, 0, 17.1123, 18, 28556.6, 9.24),
(705, 1, 8, 4, 26, 0, 0, 0, 0, 2.04918, 3, 3696, -9.24),
(706, 1, 8, 4, 27, 0, 0, 0, 0, 3.22581, 4, 1344, 29.26),
(707, 1, 8, 4, 28, 0, 0, 0, 0, 6.97674, 7, 4214, 9.24),
(708, 1, 8, 4, 29, 0, 0, 0, 0, 10.4895, 11, 9856, 5.64667),
(709, 1, 8, 4, 30, 0, 0, 0, 0, 8.03213, 9, 9097.2, 9.548),
(710, 1, 13, 4, 1, 0, 0, 0, 0, 4.73186, 5, 3831.6, -5.64667),
(711, 1, 13, 4, 2, 0, 0, 0, 0, 3.78549, 4, 3065.28, -5.64667),
(712, 1, 13, 4, 3, 0, 0, 0, 0, 6.25, 7, 3784.48, 19.25),
(713, 1, 13, 4, 4, 0, 0, 0, 0, 24.3309, 25, 25730, -2.31),
(714, 1, 13, 4, 5, 0, 0, 0, 0, 2.83912, 3, 2298.96, -5.64667),
(715, 1, 13, 4, 6, 0, 0, 0, 0, 1.89274, 2, 1532.64, -5.64667),
(716, 1, 13, 4, 7, 0, 0, 0, 0, 3.73832, 4, 1011.84, 4.62),
(717, 1, 13, 4, 8, 0, 0, 0, 0, 4.5045, 5, 1123.2, -15.4),
(718, 1, 13, 4, 9, 0, 0, 0, 0, 1.79372, 2, 915.84, -12.32),
(719, 1, 13, 4, 10, 0, 0, 0, 0, 5.31915, 6, 1577.28, 7.95),
(720, 1, 13, 4, 11, 0, 0, 0, 0, 0.892857, 1, 233.28, -9.54),
(721, 1, 13, 4, 12, 0, 0, 0, 0, 1.95122, 2, 1016.8, 3.08),
(722, 1, 13, 4, 13, 0, 0, 0, 0, 0.913242, 1, 486.24, -2.385),
(723, 1, 13, 4, 14, 0, 0, 0, 0, 2.80374, 3, 94398.7, -15.9),
(724, 1, 13, 4, 15, 0, 0, 0, 0, 12.9353, 13, 629866, 11.925),
(725, 1, 13, 4, 16, 0, 0, 0, 0, 13.0435, 14, 444763, 6.36),
(726, 1, 13, 4, 17, 0, 0, 4, 24, 12.3669, 13, 5972150, -1.325),
(727, 1, 13, 4, 18, 0, 0, 0, 0, 5.84416, 6, 479505, 2.65),
(728, 1, 13, 4, 19, 0, 0, 0, 0, 5.24476, 6, 566392, 3.18),
(729, 1, 13, 4, 20, 0, 0, 4, 24, 87.6089, 88, 33542600, -1.82556),
(730, 1, 13, 4, 21, 0, 0, 0, 0, 5.03778, 6, 573108, 5.1675),
(731, 1, 13, 4, 22, 0, 0, 0, 0, 8.08081, 9, 1138230, 11.5275),
(732, 1, 13, 4, 23, 0, 0, 0, 0, 2.01005, 3, 189705, -4.77),
(733, 1, 13, 4, 24, 0, 0, 0, 0, 6.17284, 7, 1960, -7.95),
(734, 1, 13, 4, 25, 0, 0, 0, 0, 15.9734, 16, 24926.7, 7.95),
(735, 1, 13, 4, 26, 0, 0, 0, 0, 12.3457, 13, 3640, -7.95),
(736, 1, 13, 4, 27, 0, 0, 0, 0, 3.7037, 4, 1120, -7.95),
(737, 1, 13, 4, 28, 0, 0, 0, 0, 6.15385, 7, 4018, -4.77),
(738, 1, 13, 4, 29, 0, 0, 0, 0, 10.4895, 11, 9856, 5.83),
(739, 1, 13, 4, 30, 0, 0, 0, 0, 7.36648, 8, 7844.48, -2.862),
(740, 1, 16, 4, 1, 0, 0, 0, 0, 4.79233, 5, 4042.4, 14.72),
(741, 1, 16, 4, 2, 0, 0, 0, 0, 4.13793, 5, 3806.8, -3.06667),
(742, 1, 16, 4, 3, 0, 0, 0, 0, 5.97015, 6, 3095.04, 7.36),
(743, 1, 16, 4, 4, 0, 0, 0, 0, 18.3673, 19, 19177.8, -10.12),
(744, 1, 16, 4, 5, 0, 0, 0, 0, 2.8754, 3, 2425.44, 14.72),
(745, 1, 16, 4, 6, 0, 0, 0, 0, 1.91693, 2, 1616.96, 14.72),
(746, 1, 16, 4, 7, 0, 0, 0, 0, 4.25532, 5, 1314.4, 9.2),
(747, 1, 16, 4, 8, 0, 0, 0, 0, 3.34928, 4, 1866.24, 4.6),
(748, 1, 16, 4, 9, 0, 0, 0, 0, 0.980392, 1, 915.84, -0.46),
(749, 1, 16, 4, 10, 0, 0, 0, 0, 1.29199, 2, 2008.8, -1.42),
(750, 1, 16, 4, 11, 0, 0, 0, 0, 1.02041, 2, 483.84, 21.3),
(751, 1, 16, 4, 12, 0, 0, 0, 0, 1.95122, 2, 1016.8, 3.68),
(752, 1, 16, 4, 13, 0, 0, 0, 0, 2.12766, 3, 788.64, 7.1),
(753, 1, 16, 4, 14, 0, 0, 0, 0, 3.26087, 4, 127075, 5.68),
(754, 1, 16, 4, 15, 0, 0, 0, 0, 0, 0, 0, 0),
(755, 1, 16, 4, 16, 0, 0, 0, 0, 11.215, 12, 377595, -14.2),
(756, 1, 16, 4, 17, 0, 0, 0, 15, 19.9005, 20, 5671730, 1.34111),
(757, 1, 16, 4, 18, 0, 0, 0, 0, 16.8224, 17, 534926, -14.2),
(758, 1, 16, 4, 19, 0, 0, 0, 0, 4.77707, 5, 476532, 4.26),
(759, 1, 16, 4, 20, 0, 0, 0, 15, 160.094, 161, 40493900, -0.501176),
(760, 1, 16, 4, 21, 0, 0, 0, 0, 18.6916, 19, 597859, -14.2),
(761, 1, 16, 4, 22, 0, 0, 0, 0, 8.39895, 9, 1124620, 3.195),
(762, 1, 16, 4, 23, 0, 0, 0, 0, 1.0101, 2, 252940, 10.295),
(763, 1, 16, 4, 24, 0, 0, 0, 0, 0.956023, 1, 1506.4, -4.828),
(764, 1, 16, 4, 25, 0, 0, 0, 0, 19.2, 20, 30688, 3.408),
(765, 1, 16, 4, 26, 0, 0, 0, 0, 2, 2, 3068.8, 3.408),
(766, 1, 16, 4, 27, 0, 0, 0, 0, 1, 1, 966, 12.3067),
(767, 1, 16, 4, 28, 0, 0, 0, 0, 1.94805, 2, 3684.8, 0.473333),
(768, 1, 16, 4, 29, 0, 0, 0, 0, 4.87013, 5, 9212, 0.473333),
(769, 1, 16, 4, 30, 0, 0, 0, 0, 19.3237, 20, 12600, 4.97),
(770, 1, 6, 5, 1, 0, 0, 0, 0, 4.53172, 5, 4017.6, 2.02667),
(771, 1, 6, 5, 2, 0, 0, 0, 0, 3.62538, 4, 3214.08, 2.02667),
(772, 1, 6, 5, 3, 0, 0, 0, 0, 6.89655, 7, 3576.16, 10.64),
(773, 1, 6, 5, 4, 0, 0, 0, 0, 25.8661, 26, 27339.5, -4.94),
(774, 1, 6, 5, 5, 0, 0, 0, 0, 2.71903, 3, 2410.56, 2.02667),
(775, 1, 6, 5, 6, 0, 0, 0, 0, 1.81269, 2, 1607.04, 2.02667),
(776, 1, 6, 5, 7, 0, 0, 0, 0, 3.57143, 4, 1031.68, -22.8),
(777, 1, 6, 5, 8, 0, 0, 0, 0, 1.78571, 2, 466.56, -9.12),
(778, 1, 6, 5, 9, 0, 0, 0, 0, 1.90476, 2, 950.4, 6.84),
(779, 1, 6, 5, 10, 0, 0, 0, 0, 4.46429, 5, 1289.6, -22.8),
(780, 1, 6, 5, 11, 0, 0, 0, 0, 0.892857, 1, 233.28, -8.82),
(781, 1, 6, 5, 12, 0, 0, 0, 0, 2.1978, 3, 1488, -6.08),
(782, 1, 6, 5, 13, 0, 0, 0, 0, 0.934579, 1, 481.28, -16.905),
(783, 1, 6, 5, 14, 0, 0, 0, 0, 2.72727, 3, 96214.1, 34.96),
(784, 1, 6, 5, 15, 0, 0, 0, 0, 11.5044, 12, 592489, 9.555),
(785, 1, 6, 5, 16, 0, 0, 0, 0, 11.215, 12, 377595, -15.2),
(786, 1, 6, 5, 17, 0, 0, 0, 12, 24.7797, 25, 7726860, -2.04167),
(787, 1, 6, 5, 18, 0, 0, 0, 0, 5.32544, 6, 485042, -2.45),
(788, 1, 6, 5, 19, 0, 0, 0, 0, 4.55927, 5, 475019, -2.45),
(789, 1, 6, 5, 20, 0, 0, 0, 24, 69.5106, 70, 35522000, -1.65375),
(790, 1, 6, 5, 21, 0, 0, 0, 0, 5.03778, 6, 573108, 1.1025),
(791, 1, 6, 5, 22, 0, 0, 0, 0, 8.81543, 9, 1121890, -3.8),
(792, 1, 6, 5, 23, 0, 0, 0, 0, 1.82648, 2, 125865, -20.58),
(793, 1, 6, 5, 24, 0, 0, 0, 0, 4.38596, 5, 1470, -1.52),
(794, 1, 6, 5, 25, 0, 0, 0, 0, 14.1176, 15, 23427.6, -7.84),
(795, 1, 6, 5, 26, 0, 0, 0, 0, 30.7018, 31, 9114, -1.47),
(796, 1, 6, 5, 27, 0, 0, 0, 0, 2.63158, 3, 882, -1.47),
(797, 1, 6, 5, 28, 0, 0, 0, 0, 5.21739, 6, 3612, -8.085),
(798, 1, 6, 5, 29, 0, 0, 0, 0, 8.64553, 9, 7938, -18.62),
(799, 1, 6, 5, 30, 0, 0, 0, 0, 6.82594, 7, 7079.52, 0.882),
(800, 1, 11, 5, 1, 0, 0, 0, 0, 4.93421, 5, 3992.8, 5.63333),
(801, 1, 11, 5, 2, 0, 0, 0, 0, 3.94737, 4, 3104.96, -5.07),
(802, 1, 11, 5, 3, 0, 0, 0, 0, 10.7143, 11, 3219.04, 27.04),
(803, 1, 11, 5, 4, 0, 0, 0, 0, 18.3206, 19, 19413.4, 0.845),
(804, 1, 11, 5, 5, 0, 0, 0, 0, 3.01003, 4, 3035.52, -1.69),
(805, 1, 11, 5, 6, 0, 0, 0, 0, 2.80374, 3, 1621.92, -0.845),
(806, 1, 11, 5, 7, 0, 0, 0, 0, 3.57143, 4, 1170.56, 27.04),
(807, 1, 11, 5, 8, 0, 0, 1, 0, 2.04082, 3, 725.76, 25.35),
(808, 1, 11, 5, 9, 0, 0, 2, 0, 2.16216, 3, 1373.76, 12.675),
(809, 1, 11, 5, 10, 0, 0, 0, 0, 5.31915, 6, 1577.28, 8.45),
(810, 1, 11, 5, 11, 0, 0, 0, 0, 0.892857, 1, 233.28, -10.14),
(811, 1, 11, 5, 12, 0, 0, 0, 0, 1.82648, 2, 1021.76, -10.14),
(812, 1, 11, 5, 13, 0, 0, 0, 0, 0.952381, 1, 488.72, -4.225),
(813, 1, 11, 5, 14, 0, 0, 0, 0, 3.44828, 4, 124655, 20.28),
(814, 1, 11, 5, 15, 0, 0, 0, 0, 13.2653, 14, 658936, -1.66),
(815, 1, 11, 5, 16, 0, 0, 0, 0, 13.0435, 14, 444763, 6.76),
(816, 1, 11, 5, 17, 0, 0, 0, 16, 22.0708, 23, 8242270, -1.43364),
(817, 1, 11, 5, 18, 0, 0, 0, 0, 6.12245, 7, 565273, 25.4533),
(818, 1, 11, 5, 19, 0, 0, 0, 0, 5.6391, 6, 557316, -3.32),
(819, 1, 11, 5, 20, 1, 0, 0, 16, 115.03, 116, 38026700, -0.237143),
(820, 1, 11, 5, 21, 0, 0, 0, 0, 5.8651, 6, 563418, 7.885),
(821, 1, 11, 5, 22, 0, 0, 0, 0, 7.98005, 8, 1002080, -5.4925),
(822, 1, 11, 5, 23, 0, 0, 0, 0, 2.23464, 3, 188797, 13.28),
(823, 1, 11, 5, 24, 0, 0, 0, 0, 6.17284, 7, 1960, -8.45),
(824, 1, 11, 5, 25, 0, 0, 0, 0, 16.4948, 17, 26779.8, 1.93667),
(825, 1, 11, 5, 26, 0, 0, 0, 0, 3.01205, 4, 10095.7, -12.8273),
(826, 1, 11, 5, 27, 0, 0, 0, 0, 3.2967, 4, 1288, 28.22),
(827, 1, 11, 5, 28, 0, 0, 0, 0, 5.21739, 6, 3612, -9.13),
(828, 1, 11, 5, 29, 0, 0, 0, 0, 10.4167, 11, 10010, 1.10667),
(829, 1, 11, 5, 30, 0, 0, 0, 0, 8.40336, 9, 8643.6, -14.276),
(830, 1, 9, 5, 1, 0, 0, 0, 0, 4.73186, 5, 3831.6, -5.35333),
(831, 1, 9, 5, 2, 0, 0, 0, 0, 3.78549, 4, 3065.28, -5.35333),
(832, 1, 9, 5, 3, 0, 0, 0, 0, 6.25, 7, 3541.44, -4.38),
(833, 1, 9, 5, 4, 0, 0, 0, 0, 20.9476, 21, 21404.9, -2.92),
(834, 1, 9, 5, 5, 0, 0, 0, 0, 2.83912, 3, 2298.96, -5.35333),
(835, 1, 9, 5, 6, 0, 0, 0, 0, 2.06897, 3, 2284.08, -2.43333),
(836, 1, 9, 5, 7, 0, 0, 0, 0, 3.73832, 4, 1011.84, 4.38),
(837, 1, 9, 5, 8, 0, 0, 0, 0, 3.06122, 4, 967.68, 21.9),
(838, 1, 9, 5, 9, 0, 0, 0, 0, 1.91388, 2, 933.12, 3.65),
(839, 1, 9, 5, 10, 0, 0, 0, 0, 4.6729, 5, 1264.8, 4.38),
(840, 1, 9, 5, 11, 0, 0, 0, 0, 0.892857, 1, 233.28, -8.76),
(841, 1, 9, 5, 12, 0, 0, 0, 0, 1.90476, 2, 1026.72, -10.22),
(842, 1, 9, 5, 13, 0, 0, 0, 0, 0.952381, 1, 534.56, 22.63),
(843, 1, 9, 5, 14, 0, 0, 0, 0, 3.26087, 4, 127075, 5.84),
(844, 1, 9, 5, 15, 0, 0, 0, 0, 15.2047, 16, 738304, 0),
(845, 1, 9, 5, 16, 0, 0, 0, 0, 11.215, 12, 377595, -14.6),
(846, 1, 9, 5, 17, 0, 0, 0, 17, 21.3626, 22, 8180030, 2.03522),
(847, 1, 9, 5, 18, 0, 0, 0, 0, 5.59006, 6, 483135, 21.14),
(848, 1, 9, 5, 19, 0, 0, 0, 0, 5.19031, 6, 570023, 19.63),
(849, 1, 9, 5, 20, 0, 0, 3, 22, 87.3407, 88, 31360000, -0.6644),
(850, 1, 9, 5, 21, 0, 0, 0, 0, 5.03778, 6, 573108, 4.9075),
(851, 1, 9, 5, 22, 0, 0, 0, 0, 8.39895, 9, 1124620, 3.285),
(852, 1, 9, 5, 23, 0, 0, 0, 0, 1.9802, 2, 127680, 20.385),
(853, 1, 9, 5, 24, 0, 0, 0, 0, 4.38596, 5, 1470, -1.46),
(854, 1, 9, 5, 25, 0, 1, 1, 0, 19.5918, 20, 25950.4, 16.006),
(855, 1, 9, 5, 26, 0, 1, 4, 0, 4.88827, 5, 8867.6, 6.68714),
(856, 1, 9, 5, 27, 0, 0, 0, 0, 3.22581, 4, 1344, 28.69),
(857, 1, 9, 5, 28, 0, 0, 0, 0, 5.7971, 6, 3780, 5.285),
(858, 1, 9, 5, 29, 0, 2, 0, 0, 14.6341, 15, 9240, 12.08),
(859, 1, 9, 5, 30, 0, 0, 0, 0, 7.8125, 8, 7844.48, 2.416),
(860, 1, 16, 5, 1, 0, 0, 0, 0, 4.79233, 5, 4042.4, 14.72),
(861, 1, 16, 5, 2, 0, 0, 0, 0, 4.13793, 5, 3806.8, -3.06667),
(862, 1, 16, 5, 3, 0, 0, 0, 0, 5.97015, 6, 3095.04, 7.36),
(863, 1, 16, 5, 4, 0, 0, 0, 0, 18.3673, 19, 19177.8, -10.12),
(864, 1, 16, 5, 5, 0, 0, 0, 0, 2.8754, 3, 2425.44, 14.72),
(865, 1, 16, 5, 6, 0, 0, 0, 0, 1.91693, 2, 1616.96, 14.72),
(866, 1, 16, 5, 7, 0, 0, 0, 0, 4.25532, 5, 1314.4, 9.2),
(867, 1, 16, 5, 8, 0, 0, 0, 0, 3.34928, 4, 1866.24, 4.6),
(868, 1, 16, 5, 9, 0, 0, 0, 0, 0.980392, 1, 915.84, -0.46);
INSERT INTO `tachessimulees` (`id`, `IdSimulation`, `IdEquipe`, `NumeroSuivi`, `IdTache`, `NbHeureSup`, `Stagiaire_Ing`, `Stagiaire_Tech`, `NbOuv`, `DureeCalculee`, `DureeFinale`, `Cout`, `Qualite`) VALUES
(869, 1, 16, 5, 10, 0, 0, 0, 0, 1.0101, 2, 2608.96, 5.888),
(870, 1, 16, 5, 11, 0, 0, 0, 0, 1.02041, 2, 483.84, 27.6),
(871, 1, 16, 5, 12, 0, 0, 0, 0, 1.95122, 2, 1016.8, 3.68),
(872, 1, 16, 5, 13, 0, 0, 0, 0, 0.970874, 1, 496.16, -0.92),
(873, 1, 16, 5, 14, 0, 0, 0, 0, 3.26087, 4, 127075, 7.36),
(874, 1, 16, 5, 15, 0, 0, 0, 0, 15.2047, 16, 738304, -9.2),
(875, 1, 16, 5, 16, 0, 0, 0, 0, 11.215, 12, 377595, -18.4),
(876, 1, 16, 5, 17, 0, 0, 0, 15, 24.8756, 25, 7089660, 1.59611),
(877, 1, 16, 5, 18, 0, 0, 0, 0, 16.8224, 17, 534926, -16.9),
(878, 1, 16, 5, 19, 0, 0, 0, 0, 4.77707, 5, 476532, 5.07),
(879, 1, 16, 5, 20, 0, 0, 0, 15, 161.095, 162, 40745400, -0.596471),
(880, 1, 16, 5, 21, 0, 0, 0, 0, 5.44959, 6, 559265, -5.07),
(881, 1, 16, 5, 22, 0, 0, 0, 0, 8.39895, 9, 1124620, 4.14),
(882, 1, 16, 5, 23, 0, 0, 0, 0, 1.04987, 2, 249915, 3.8025),
(883, 1, 16, 5, 24, 0, 0, 0, 0, 0.956023, 1, 1506.4, -6.256),
(884, 1, 16, 5, 25, 0, 0, 0, 0, 15.9734, 16, 24801.3, -1.69),
(885, 1, 16, 5, 26, 0, 0, 0, 0, 1.59236, 2, 5811.68, 2.25333),
(886, 1, 16, 5, 27, 0, 0, 0, 0, 1, 1, 966, 14.6467),
(887, 1, 16, 5, 28, 0, 0, 0, 0, 1.94805, 2, 3684.8, 0.563333),
(888, 1, 16, 5, 29, 0, 0, 0, 0, 4.87013, 5, 9212, 0.563333),
(889, 1, 16, 5, 30, 0, 0, 0, 0, 4.17973, 5, 9307.2, 1.69),
(891, 1, 10, 5, 1, 0, 0, 0, 0, 5.01672, 6, 4627.68, 5.55),
(892, 1, 10, 5, 2, 0, 0, 0, 0, 4.01338, 5, 3856.4, 5.55),
(893, 1, 10, 5, 3, 0, 0, 0, 0, 6.25, 7, 3541.44, -5.55),
(894, 1, 10, 5, 4, 0, 0, 0, 0, 20.9476, 21, 21404.9, -3.7),
(895, 1, 10, 5, 5, 0, 0, 0, 0, 3.01003, 4, 3085.12, 5.55),
(896, 1, 10, 5, 6, 0, 0, 0, 0, 1.97368, 2, 1597.12, 6.16667),
(897, 1, 10, 5, 7, 0, 0, 0, 0, 4.25532, 5, 1314.4, 9.25),
(898, 1, 10, 5, 8, 0, 0, 0, 0, 3.44828, 4, 864, 0),
(899, 1, 10, 5, 9, 0, 0, 0, 0, 2.01005, 3, 1347.84, -5.55),
(900, 1, 10, 5, 10, 0, 0, 0, 0, 5.31915, 6, 1577.28, 9.25),
(901, 1, 10, 5, 11, 0, 0, 0, 0, 1.14943, 2, 432, 0),
(902, 1, 10, 5, 12, 0, 0, 0, 0, 1.82648, 2, 1021.76, -11.1),
(903, 1, 10, 5, 13, 0, 0, 0, 0, 2.29885, 3, 648, 0),
(904, 1, 10, 5, 14, 0, 0, 0, 0, 3.26087, 4, 127075, 7.4),
(905, 1, 10, 5, 15, 0, 0, 0, 0, 12.2642, 13, 629866, 17.765),
(906, 1, 10, 5, 16, 0, 0, 0, 0, 13.0435, 14, 444763, 7.4),
(907, 1, 10, 5, 17, 0, 0, 0, 12, 25.4237, 26, 8061800, 3.94778),
(908, 1, 10, 5, 18, 0, 0, 0, 0, 5.92105, 6, 481320, 14.3367),
(909, 1, 10, 5, 19, 0, 0, 0, 0, 4.93421, 5, 473506, 15.5833),
(910, 1, 10, 5, 20, 0, 0, 0, 16, 109.815, 110, 44841100, 3.50625),
(911, 1, 10, 5, 21, 0, 0, 0, 0, 5.39084, 6, 577261, 20.57),
(912, 1, 10, 5, 22, 0, 0, 0, 0, 9.01408, 10, 948259, 6.0125),
(913, 1, 10, 5, 23, 0, 0, 0, 0, 1.84332, 2, 127075, 12.155),
(914, 1, 10, 5, 24, 0, 0, 0, 0, 6.17284, 7, 1960, -9.25),
(915, 1, 10, 5, 25, 0, 0, 0, 0, 16.8421, 17, 26256.2, 2.49333),
(916, 1, 10, 5, 26, 0, 0, 0, 0, 12.3457, 13, 3640, -9.35),
(917, 1, 10, 5, 27, 0, 0, 0, 0, 3.7037, 4, 1120, -9.35),
(918, 1, 10, 5, 28, 0, 0, 0, 0, 6.97674, 7, 4214, 11.22),
(919, 1, 10, 5, 29, 0, 0, 0, 0, 10.4167, 11, 10010, 1.24667),
(920, 1, 10, 5, 30, 0, 0, 0, 0, 8.28157, 9, 8885.52, -0.374),
(921, 1, 12, 5, 1, 0, 0, 0, 0, 4.53172, 5, 4017.6, 2.25333),
(922, 1, 12, 5, 2, 0, 0, 0, 0, 3.62538, 4, 3214.08, 2.25333),
(923, 1, 12, 5, 3, 0, 0, 0, 0, 6.74157, 7, 3524.08, 8.45),
(924, 1, 12, 5, 4, 0, 0, 0, 0, 14.1844, 15, 27267.6, 0.482857),
(925, 1, 12, 5, 5, 0, 0, 0, 0, 2.71903, 3, 2410.56, 2.25333),
(926, 1, 12, 5, 6, 0, 0, 0, 0, 2.20588, 3, 2298.96, 8.45),
(927, 1, 12, 5, 7, 0, 0, 0, 0, 3.73832, 4, 1011.84, 5.07),
(928, 1, 12, 5, 8, 0, 0, 0, 0, 4.5045, 5, 1123.2, -16.9),
(929, 1, 12, 5, 9, 0, 0, 0, 0, 1.79372, 2, 915.84, -13.52),
(930, 1, 12, 5, 10, 0, 0, 0, 0, 4.46429, 5, 1289.6, -25.35),
(931, 1, 12, 5, 11, 0, 0, 0, 0, 0.900901, 1, 224.64, -16.8),
(932, 1, 12, 5, 12, 0, 0, 0, 0, 2.13904, 3, 1502.88, 10.14),
(933, 1, 12, 5, 13, 0, 0, 0, 0, 0.917431, 1, 477.6, -5.88),
(934, 1, 12, 5, 14, 0, 0, 0, 0, 2.72727, 3, 96214.1, 38.87),
(935, 1, 12, 5, 15, 0, 0, 0, 0, 4.58554, 5, 716386, 8.96),
(936, 1, 12, 5, 16, 0, 0, 0, 0, 11.215, 12, 377595, -16.9),
(937, 1, 12, 5, 17, 0, 0, 0, 16, 19.5889, 20, 8788310, 2.7552),
(938, 1, 12, 5, 18, 0, 0, 0, 0, 5.59006, 6, 483135, 23.52),
(939, 1, 12, 5, 19, 0, 0, 0, 0, 5.24476, 6, 566392, 3.36),
(940, 1, 12, 5, 20, 0, 0, 0, 15, 121.869, 122, 45386800, 3.58909),
(941, 1, 12, 5, 21, 0, 0, 0, 0, 5.03778, 6, 573108, 5.46),
(942, 1, 12, 5, 22, 0, 0, 0, 0, 8.81543, 9, 1121890, -4.225),
(943, 1, 12, 5, 23, 0, 0, 0, 0, 1.84332, 2, 127075, 10.92),
(944, 1, 12, 5, 24, 0, 0, 0, 0, 1.02669, 2, 3012.8, 1.69),
(945, 1, 12, 5, 25, 0, 0, 0, 0, 8.52575, 9, 25452, 0.763636),
(946, 1, 12, 5, 26, 0, 0, 0, 0, 5.02152, 6, 12734.4, -0.72),
(947, 1, 12, 5, 27, 0, 0, 0, 0, 0.934579, 1, 924, 3.36),
(948, 1, 12, 5, 28, 0, 0, 0, 0, 2.06897, 3, 5527.2, 6.72),
(949, 1, 12, 5, 29, 0, 0, 0, 0, 4.87013, 5, 9212, 0.56),
(950, 1, 12, 5, 30, 0, 0, 0, 0, 3.82775, 4, 8151.36, 2.856),
(951, 1, 14, 5, 1, 0, 0, 0, 0, 4.79233, 5, 3868.8, -3.85),
(952, 1, 14, 5, 2, 0, 0, 0, 0, 3.83387, 4, 3095.04, -3.85),
(953, 1, 14, 5, 3, 0, 0, 0, 0, 5.71429, 6, 3288.48, 14.025),
(954, 1, 14, 5, 4, 0, 0, 0, 0, 14.1176, 15, 15996, 3.7125),
(955, 1, 14, 5, 5, 0, 0, 0, 0, 2.8754, 3, 2321.28, -3.85),
(956, 1, 14, 5, 6, 0, 0, 0, 0, 2.04082, 3, 2365.92, 4.4),
(957, 1, 14, 5, 7, 0, 0, 0, 0, 4.25532, 5, 1314.4, 8.25),
(958, 1, 14, 5, 8, 0, 0, 0, 0, 5.10204, 6, 1451.52, 23.85),
(959, 1, 14, 5, 9, 0, 0, 0, 0, 1.90476, 2, 950.4, 7.155),
(960, 1, 14, 5, 10, 0, 0, 0, 0, 5.31915, 6, 1577.28, 8.25),
(961, 1, 14, 5, 11, 0, 0, 0, 0, 1.02041, 2, 483.84, 23.85),
(962, 1, 14, 5, 12, 0, 0, 0, 0, 1.82648, 2, 1021.76, -9.9),
(963, 1, 14, 5, 13, 0, 0, 0, 0, 1.04167, 2, 1009.6, 15.9),
(964, 1, 14, 5, 14, 0, 0, 0, 0, 3.26087, 4, 127075, 6.36),
(965, 1, 14, 5, 15, 0, 0, 0, 0, 11.5044, 12, 592489, 10.335),
(966, 1, 14, 5, 16, 0, 0, 0, 0, 10.9091, 11, 352785, 36.57),
(967, 1, 14, 5, 17, 0, 0, 0, 12, 25.0557, 26, 8043800, 0.618333),
(968, 1, 14, 5, 18, 0, 0, 0, 0, 5.66038, 6, 486857, 9.01),
(969, 1, 14, 5, 19, 0, 0, 0, 0, 4.93421, 5, 473506, 13.25),
(970, 1, 14, 5, 20, 0, 0, 0, 16, 92.6881, 93, 37883000, 1.7225),
(971, 1, 14, 5, 21, 0, 0, 0, 0, 5.03778, 6, 573108, 5.1675),
(972, 1, 14, 5, 22, 0, 0, 0, 0, 8.0402, 9, 1132780, -4.77),
(973, 1, 14, 5, 23, 0, 0, 0, 0, 2.01005, 3, 189705, -4.77),
(974, 1, 14, 5, 24, 0, 0, 0, 0, 5.49451, 6, 1932, 27.03),
(975, 1, 14, 5, 25, 0, 0, 0, 0, 12.3235, 13, 28450.2, 3.37875),
(976, 1, 14, 5, 26, 0, 0, 0, 0, 3.20513, 4, 10259.2, 0.578182),
(977, 1, 14, 5, 27, 0, 0, 0, 0, 3.2967, 4, 1288, 27.03),
(978, 1, 14, 5, 28, 0, 0, 0, 0, 6.09137, 7, 4116, -11.925),
(979, 1, 14, 5, 29, 0, 0, 0, 0, 4.90196, 5, 9100, -1.855),
(980, 1, 14, 5, 30, 0, 0, 0, 0, 7.61905, 8, 8355.2, 12.72),
(1011, 1, 13, 5, 1, 0, 0, 0, 0, 4.73186, 5, 3831.6, -5.64667),
(1012, 1, 13, 5, 2, 0, 0, 0, 0, 3.78549, 4, 3065.28, -5.64667),
(1013, 1, 13, 5, 3, 0, 0, 0, 0, 6.25, 7, 3784.48, 19.25),
(1014, 1, 13, 5, 4, 0, 0, 0, 0, 24.3309, 25, 25730, -2.31),
(1015, 1, 13, 5, 5, 0, 0, 0, 0, 2.83912, 3, 2298.96, -5.64667),
(1016, 1, 13, 5, 6, 0, 0, 0, 0, 1.89274, 2, 1532.64, -5.64667),
(1017, 1, 13, 5, 7, 0, 0, 0, 0, 3.73832, 4, 1011.84, 4.62),
(1018, 1, 13, 5, 8, 0, 0, 0, 0, 4.5045, 5, 1123.2, -15.4),
(1019, 1, 13, 5, 9, 0, 0, 0, 0, 1.79372, 2, 915.84, -12.32),
(1020, 1, 13, 5, 10, 0, 0, 0, 0, 5.31915, 6, 1577.28, 7.7),
(1021, 1, 13, 5, 11, 0, 0, 0, 0, 0.892857, 1, 233.28, -9.54),
(1022, 1, 13, 5, 12, 0, 0, 0, 0, 1.95122, 2, 1016.8, 3.08),
(1023, 1, 13, 5, 13, 0, 0, 0, 0, 0.913242, 1, 486.24, -2.385),
(1024, 1, 13, 5, 14, 0, 0, 0, 0, 2.80374, 3, 94398.7, -15.4),
(1025, 1, 13, 5, 15, 0, 0, 0, 0, 12.9353, 13, 629866, 11.925),
(1026, 1, 13, 5, 16, 0, 0, 0, 0, 13.0435, 14, 444763, 6.16),
(1027, 1, 13, 5, 17, 0, 0, 4, 24, 15.4586, 16, 7350340, -1.325),
(1028, 1, 13, 5, 18, 0, 0, 0, 0, 5.84416, 6, 479505, 2.65),
(1029, 1, 13, 5, 19, 0, 0, 0, 0, 5.24476, 6, 566392, 3.18),
(1030, 1, 13, 5, 20, 0, 0, 4, 24, 87.6089, 88, 33542600, -1.82556),
(1031, 1, 13, 5, 21, 0, 0, 0, 0, 5.03778, 6, 573108, 5.1675),
(1032, 1, 13, 5, 22, 0, 0, 0, 0, 8.08081, 9, 1138230, 11.165),
(1033, 1, 13, 5, 23, 0, 0, 0, 0, 2.01005, 3, 189705, -4.77),
(1034, 1, 13, 5, 24, 0, 0, 0, 0, 6.17284, 7, 1960, -7.7),
(1035, 1, 13, 5, 25, 0, 0, 0, 0, 15.9734, 16, 24926.7, 7.95),
(1036, 1, 13, 5, 26, 0, 0, 0, 0, 12.3457, 13, 3640, -7.95),
(1037, 1, 13, 5, 27, 0, 0, 0, 0, 3.7037, 4, 1120, -7.95),
(1038, 1, 13, 5, 28, 0, 0, 0, 0, 6.15385, 7, 4018, -4.77),
(1039, 1, 13, 5, 29, 0, 0, 0, 0, 10.4895, 11, 9856, 5.83),
(1040, 1, 13, 5, 30, 0, 0, 0, 0, 7.36648, 8, 7844.48, -2.862),
(1041, 1, 15, 5, 1, 0, 0, 0, 0, 5.26316, 6, 4538.4, 7.8),
(1042, 1, 15, 5, 2, 0, 0, 0, 0, 4.21053, 5, 3782, 7.8),
(1043, 1, 15, 5, 3, 0, 0, 0, 0, 5.60748, 6, 3243.84, -0.9),
(1044, 1, 15, 5, 4, 0, 0, 0, 0, 19.4647, 20, 20584, -2.7),
(1045, 1, 15, 5, 5, 0, 0, 0, 0, 3.06122, 4, 3154.56, 4.8),
(1046, 1, 15, 5, 6, 0, 0, 0, 0, 1.89274, 2, 1532.64, -6.6),
(1047, 1, 15, 5, 7, 0, 0, 0, 0, 1.99005, 2, 1031.68, 7.2),
(1048, 1, 15, 5, 8, 0, 0, 0, 0, 8.04598, 9, 1944, 0),
(1049, 1, 15, 5, 9, 0, 0, 0, 0, 1.79372, 2, 915.84, -14.4),
(1050, 1, 15, 5, 10, 0, 0, 0, 0, 1.75439, 2, 1512.8, 7.8),
(1051, 1, 15, 5, 11, 0, 0, 0, 0, 1.14943, 2, 432, 0),
(1052, 1, 15, 5, 12, 0, 0, 0, 0, 1.94175, 2, 1041.6, -9),
(1053, 1, 15, 5, 13, 0, 0, 0, 0, 0.952381, 1, 534.56, 27.9),
(1054, 1, 15, 5, 14, 0, 0, 0, 0, 2.72727, 3, 96214.1, 41.4),
(1055, 1, 15, 5, 15, 0, 0, 0, 0, 7.08447, 8, 745687, -5.4),
(1056, 1, 15, 5, 16, 0, 0, 0, 0, 13.7931, 14, 436292, 21.6),
(1057, 1, 15, 5, 17, 0, 0, 0, 16, 20.7161, 21, 8522460, 1.015),
(1058, 1, 15, 5, 18, 0, 0, 0, 0, 3.66599, 4, 536612, 3.828),
(1059, 1, 15, 5, 19, 0, 2, 0, 0, 4.85437, 5, 476532, 9.86),
(1060, 1, 15, 5, 20, 0, 0, 0, 16, 113.525, 114, 46437200, 1.885),
(1061, 1, 15, 5, 21, 0, 0, 0, 0, 4.09836, 5, 592950, 1.74),
(1062, 1, 15, 5, 22, 0, 0, 0, 0, 8.35509, 9, 1124620, -14.4),
(1063, 1, 15, 5, 23, 0, 0, 0, 0, 1.04987, 2, 249915, 3.915),
(1064, 1, 15, 5, 24, 0, 0, 0, 0, 2.43902, 3, 1848, 14.4),
(1065, 1, 15, 5, 25, 0, 1, 0, 0, 7.3115, 8, 25231.4, -7.62923),
(1066, 1, 15, 5, 26, 0, 0, 0, 0, 1.22926, 2, 7396.48, -2.3925),
(1067, 1, 15, 5, 27, 0, 0, 0, 0, 1.03093, 2, 1792, -7.54),
(1068, 1, 15, 5, 28, 0, 0, 0, 0, 1.94805, 2, 3684.8, 0.58),
(1069, 1, 15, 5, 29, 0, 0, 0, 0, 4.96689, 5, 8932, -6.38),
(1070, 1, 15, 5, 30, 0, 0, 0, 0, 3.83142, 4, 7927.36, -8.7),
(1071, 1, 8, 5, 1, 0, 0, 0, 0, 4.65839, 5, 4030, 1.18),
(1072, 1, 8, 5, 2, 0, 0, 0, 0, 3.72671, 4, 3224, 1.18),
(1073, 1, 8, 5, 3, 0, 0, 0, 0, 5.35714, 6, 3303.36, 0.885),
(1074, 1, 8, 5, 4, 0, 0, 0, 0, 19.9005, 20, 21080, 4.8675),
(1075, 1, 8, 5, 5, 0, 0, 0, 0, 2.79503, 3, 2418, 1.18),
(1076, 1, 8, 5, 6, 0, 0, 0, 0, 1.86335, 2, 1612, 1.18),
(1077, 1, 8, 5, 7, 0, 0, 0, 0, 3.57143, 4, 1170.56, 28.32),
(1078, 1, 8, 5, 8, 0, 0, 0, 0, 6.25, 7, 1632.96, -10.62),
(1079, 1, 8, 5, 9, 0, 0, 0, 0, 2.01005, 3, 1347.84, -5.31),
(1080, 1, 8, 5, 10, 0, 0, 0, 0, 4.46429, 5, 1463.2, 28.32),
(1081, 1, 8, 5, 11, 0, 0, 0, 0, 0.502513, 1, 449.28, -5.31),
(1082, 1, 8, 5, 12, 0, 0, 0, 0, 1.78571, 2, 1101.12, 0.885),
(1083, 1, 8, 5, 13, 0, 0, 0, 0, 0.892857, 1, 525.92, 8.85),
(1084, 1, 8, 5, 14, 0, 0, 0, 0, 3.44828, 4, 124655, 21.24),
(1085, 1, 8, 5, 15, 0, 0, 0, 0, 13, 13, 650861, 33.88),
(1086, 1, 8, 5, 16, 0, 0, 0, 0, 13.7931, 14, 436292, 21.24),
(1087, 1, 8, 5, 17, 0, 0, 0, 12, 30.2623, 31, 7187470, 5.74933),
(1088, 1, 8, 5, 18, 0, 0, 0, 0, 6.61765, 7, 562256, 18.48),
(1089, 1, 8, 5, 19, 0, 0, 0, 0, 4.93421, 5, 473506, 12.8333),
(1090, 1, 8, 5, 20, 0, 0, 3, 25, 86.8496, 87, 45214500, -0.513333),
(1091, 1, 8, 5, 21, 0, 0, 0, 0, 10, 10, 500662, 33.88),
(1092, 1, 8, 5, 22, 0, 0, 0, 0, 8.51064, 9, 1124620, 7.5225),
(1093, 1, 8, 5, 23, 0, 0, 0, 0, 2.06186, 3, 187890, 1.54),
(1094, 1, 8, 5, 24, 0, 0, 0, 0, 6.17284, 7, 1960, -8.85),
(1095, 1, 8, 5, 25, 0, 0, 0, 0, 17.1123, 18, 28556.6, 9.24),
(1096, 1, 8, 5, 26, 0, 0, 0, 0, 2.04918, 3, 3696, -9.24),
(1097, 1, 8, 5, 27, 0, 0, 0, 0, 3.22581, 4, 1344, 29.26),
(1098, 1, 8, 5, 28, 0, 0, 0, 0, 6.97674, 7, 4214, 9.24),
(1099, 1, 8, 5, 29, 0, 0, 0, 0, 10.4895, 11, 9856, 5.64667),
(1100, 1, 8, 5, 30, 0, 0, 0, 0, 8.03213, 9, 9097.2, 9.548),
(1101, 1, 17, 5, 1, 0, 0, 0, 0, 4.60123, 5, 3992.8, -9.54667),
(1102, 1, 17, 5, 2, 0, 0, 0, 0, 3.68098, 4, 3194.24, -9.54667),
(1103, 1, 17, 5, 3, 0, 0, 0, 0, 6.41711, 7, 3506.72, 10.74),
(1104, 1, 17, 5, 4, 0, 0, 0, 0, 20.3233, 21, 22081.9, -5.8175),
(1105, 1, 17, 5, 5, 0, 0, 0, 0, 2.76074, 3, 2395.68, -9.54667),
(1106, 1, 17, 5, 6, 0, 0, 0, 0, 2.20588, 3, 2298.96, 8.95),
(1107, 1, 17, 5, 7, 0, 0, 0, 0, 3.57143, 4, 1031.68, -26.85),
(1108, 1, 17, 5, 8, 0, 0, 0, 0, 6.25, 7, 1632.96, -10.74),
(1109, 1, 17, 5, 9, 0, 0, 0, 0, 1.79372, 2, 915.84, -14.32),
(1110, 1, 17, 5, 10, 0, 0, 0, 0, 4.46429, 5, 1289.6, -26.85),
(1111, 1, 17, 5, 11, 0, 0, 0, 0, 0.892857, 1, 233.28, -10.74),
(1112, 1, 17, 5, 12, 0, 0, 0, 0, 2.1978, 3, 1488, -7.16),
(1113, 1, 17, 5, 13, 0, 0, 0, 0, 0.892857, 1, 491.2, -18.795),
(1114, 1, 17, 5, 14, 0, 0, 0, 0, 4.16667, 5, 151280, -14.32),
(1115, 1, 17, 5, 15, 0, 0, 0, 0, 11.5044, 12, 592489, 12.35),
(1116, 1, 17, 5, 16, 0, 0, 0, 0, 10.9091, 11, 352785, 41.17),
(1117, 1, 17, 5, 17, 0, 0, 0, 12, 24.6305, 25, 7726860, -2.21667),
(1118, 1, 17, 5, 18, 0, 0, 0, 0, 5.32544, 6, 485042, -3.16667),
(1119, 1, 17, 5, 19, 0, 0, 0, 0, 5.9761, 6, 559131, 5.06667),
(1120, 1, 17, 5, 20, 0, 0, 0, 12, 165.058, 166, 46083000, -1.22941),
(1121, 1, 17, 5, 21, 0, 0, 0, 0, 4.90196, 5, 477590, 3.325),
(1122, 1, 17, 5, 22, 0, 0, 0, 0, 8.0402, 9, 1132780, -5.37),
(1123, 1, 17, 5, 23, 0, 0, 0, 0, 2.03046, 3, 189705, 33.25),
(1124, 1, 17, 5, 24, 0, 0, 0, 0, 4.38596, 5, 1470, -1.79),
(1125, 1, 17, 5, 25, 0, 0, 0, 0, 15.6863, 16, 23878.4, -14.5667),
(1126, 1, 17, 5, 26, 0, 0, 0, 0, 2.01613, 3, 3570, -12.54),
(1127, 1, 17, 5, 27, 0, 0, 0, 0, 3.7037, 4, 1120, -9.5),
(1128, 1, 17, 5, 28, 0, 0, 0, 0, 6.06061, 7, 3920, -30.4),
(1129, 1, 17, 5, 29, 0, 0, 0, 0, 9.61539, 10, 8540, -20.9),
(1130, 1, 17, 5, 30, 0, 0, 0, 0, 8.56531, 9, 8568, -17.48),
(1131, 1, 7, 5, 1, 0, 0, 0, 0, 4.53172, 5, 4017.6, 2.33333),
(1132, 1, 7, 5, 2, 0, 0, 0, 0, 3.62538, 4, 3214.08, 2.33333),
(1133, 1, 7, 5, 3, 0, 0, 0, 0, 6.25, 7, 3628.24, 5.25),
(1134, 1, 7, 5, 4, 0, 0, 0, 0, 17.9551, 18, 18123.8, -8.75),
(1135, 1, 7, 5, 5, 0, 0, 0, 0, 2.71903, 3, 2410.56, 2.33333),
(1136, 1, 7, 5, 6, 0, 0, 0, 0, 1.97368, 2, 1621.92, 12.8333),
(1137, 1, 7, 5, 7, 0, 0, 0, 0, 3.57143, 4, 1170.56, 28),
(1138, 1, 7, 5, 8, 0, 0, 0, 0, 6.25, 7, 1632.96, -10.5),
(1139, 1, 7, 5, 9, 0, 0, 0, 0, 1.90476, 2, 950.4, 7.875),
(1140, 1, 7, 5, 10, 0, 0, 0, 0, 4.46429, 5, 1463.2, 27.04),
(1141, 1, 7, 5, 11, 0, 0, 0, 0, 1.02041, 2, 483.84, 25.35),
(1142, 1, 7, 5, 12, 0, 0, 0, 0, 1.94175, 2, 1111.04, 18.375),
(1143, 1, 7, 5, 13, 0, 1, 0, 0, 1.8018, 2, 449.28, -16.9),
(1144, 1, 7, 5, 14, 0, 0, 0, 0, 2.72727, 3, 96214.1, 38.87),
(1145, 1, 7, 5, 15, 0, 0, 1, 0, 21.4876, 22, 558342, 28.73),
(1146, 1, 7, 5, 16, 0, 1, 0, 0, 13.0435, 14, 0, 7),
(1147, 1, 7, 5, 17, 0, 1, 1, 12, 29.9261, 30, 7636090, 0.528125),
(1148, 1, 7, 5, 18, 0, 1, 1, 0, 4.56853, 5, 508026, -8.45),
(1149, 1, 7, 5, 19, 0, 0, 0, 0, 4.85437, 5, 476532, 9.57667),
(1150, 1, 7, 5, 20, 0, 0, 0, 13, 170.729, 171, 41726800, 0.316875),
(1151, 1, 7, 5, 21, 0, 0, 1, 0, 6.87285, 7, 511968, 20.28),
(1152, 1, 7, 5, 22, 0, 0, 0, 0, 7.60095, 8, 1014180, -0.4375),
(1153, 1, 7, 5, 23, 0, 0, 0, 0, 1.84332, 2, 127075, 10.985),
(1154, 1, 7, 5, 24, 0, 0, 0, 0, 2.40385, 3, 1103.76, 29.575),
(1155, 1, 7, 5, 25, 0, 1, 0, 0, 32.2148, 33, 31416, 19.7167),
(1156, 1, 7, 5, 26, 0, 1, 1, 0, 3.9548, 4, 7237.44, -4.01375),
(1157, 1, 7, 5, 27, 0, 1, 0, 0, 0, 0, 0, 0),
(1158, 1, 7, 5, 28, 0, 1, 0, 0, 12.9032, 13, 4368, 32.11),
(1159, 1, 7, 5, 29, 0, 1, 0, 0, 14.3541, 15, 9660, 7.605),
(1160, 1, 7, 5, 30, 0, 0, 1, 0, 7.1048, 8, 7956.48, -9.802),
(1161, 1, 17, 6, 1, 0, 0, 0, 0, 4.60123, 5, 3992.8, -9.54667),
(1162, 1, 17, 6, 2, 0, 0, 0, 0, 3.68098, 4, 3194.24, -9.54667),
(1163, 1, 17, 6, 3, 0, 0, 0, 0, 6.41711, 7, 3506.72, 10.74),
(1164, 1, 17, 6, 4, 0, 0, 0, 0, 20.3233, 21, 22081.9, -5.8175),
(1165, 1, 17, 6, 5, 0, 0, 0, 0, 2.76074, 3, 2395.68, -9.54667),
(1166, 1, 17, 6, 6, 0, 0, 0, 0, 2.20588, 3, 2298.96, 8.95),
(1167, 1, 17, 6, 7, 0, 0, 0, 0, 3.57143, 4, 1031.68, -26.85),
(1168, 1, 17, 6, 8, 0, 0, 0, 0, 6.25, 7, 1632.96, -10.74),
(1169, 1, 17, 6, 9, 0, 0, 0, 0, 1.79372, 2, 915.84, -14.32),
(1170, 1, 17, 6, 10, 0, 0, 0, 0, 4.46429, 5, 1289.6, -26.85),
(1171, 1, 17, 6, 11, 0, 0, 0, 0, 0.892857, 1, 233.28, -10.74),
(1172, 1, 17, 6, 12, 0, 0, 0, 0, 2.1978, 3, 1488, -7.16),
(1173, 1, 17, 6, 13, 0, 0, 0, 0, 0.892857, 1, 491.2, -18.795),
(1174, 1, 17, 6, 14, 0, 0, 0, 0, 4.16667, 5, 151280, -14.32),
(1175, 1, 17, 6, 15, 0, 0, 0, 0, 11.5044, 12, 592489, 11.635),
(1176, 1, 17, 6, 16, 0, 0, 0, 0, 10.9091, 11, 352785, 41.17),
(1177, 1, 17, 6, 17, 0, 0, 0, 12, 19.8238, 20, 6181490, -2.48611),
(1178, 1, 17, 6, 18, 0, 0, 0, 0, 5.32544, 6, 485042, -2.98333),
(1179, 1, 17, 6, 19, 0, 0, 0, 0, 5.6391, 6, 557316, -3.58),
(1180, 1, 17, 6, 20, 0, 0, 0, 12, 165.058, 166, 46083000, -1.22941),
(1181, 1, 17, 6, 21, 0, 0, 0, 0, 4.90196, 5, 477590, 3.325),
(1182, 1, 17, 6, 22, 0, 0, 0, 0, 8.0402, 9, 1132780, -5.37),
(1183, 1, 17, 6, 23, 0, 0, 0, 0, 2.03046, 3, 189705, 33.25),
(1184, 1, 17, 6, 24, 0, 0, 0, 0, 4.38596, 5, 1470, -1.79),
(1185, 1, 17, 6, 25, 0, 0, 0, 0, 14.3284, 15, 22797.6, -16.11),
(1186, 1, 17, 6, 26, 0, 0, 0, 0, 1.69779, 2, 2479.68, -17.542),
(1187, 1, 17, 6, 27, 0, 0, 0, 0, 2.63158, 3, 882, -1.79),
(1188, 1, 17, 6, 28, 0, 0, 0, 0, 5.19481, 6, 3444, -25.06),
(1189, 1, 17, 6, 29, 0, 0, 0, 0, 8.64553, 9, 7938, -22.6733),
(1190, 1, 17, 6, 30, 0, 0, 0, 0, 8.56531, 9, 8568, -17.48),
(1191, 1, 6, 6, 1, 0, 0, 0, 0, 4.53172, 5, 4017.6, 2.02667),
(1192, 1, 6, 6, 2, 0, 0, 0, 0, 3.62538, 4, 3214.08, 2.02667),
(1193, 1, 6, 6, 3, 0, 0, 0, 0, 6.89655, 7, 3576.16, 10.64),
(1194, 1, 6, 6, 4, 0, 0, 0, 0, 25.8661, 26, 27339.5, -4.94),
(1195, 1, 6, 6, 5, 0, 0, 0, 0, 2.71903, 3, 2410.56, 2.02667),
(1196, 1, 6, 6, 6, 0, 0, 0, 0, 1.81269, 2, 1607.04, 2.02667),
(1197, 1, 6, 6, 7, 0, 0, 0, 0, 3.57143, 4, 1031.68, -22.8),
(1198, 1, 6, 6, 8, 0, 0, 0, 0, 1.78571, 2, 466.56, -9.12),
(1199, 1, 6, 6, 9, 0, 0, 0, 0, 1.90476, 2, 950.4, 6.84),
(1200, 1, 6, 6, 10, 0, 0, 0, 0, 4.46429, 5, 1289.6, -22.8),
(1201, 1, 6, 6, 11, 0, 0, 0, 0, 0.892857, 1, 233.28, -8.82),
(1202, 1, 6, 6, 12, 0, 0, 0, 0, 2.1978, 3, 1488, -6.08),
(1203, 1, 6, 6, 13, 0, 0, 0, 0, 0.934579, 1, 481.28, -16.905),
(1204, 1, 6, 6, 14, 0, 0, 0, 0, 2.72727, 3, 96214.1, 34.96),
(1205, 1, 6, 6, 15, 0, 0, 2, 0, 11.5044, 12, 592489, 9.555),
(1206, 1, 6, 6, 16, 0, 0, 0, 0, 11.215, 12, 377595, -15.2),
(1207, 1, 6, 6, 17, 0, 0, 0, 12, 46.5859, 47, 14526500, -2.04167),
(1208, 1, 6, 6, 18, 0, 0, 0, 0, 5.32544, 6, 485042, -2.45),
(1209, 1, 6, 6, 19, 0, 0, 0, 0, 4.55927, 5, 475019, -2.45),
(1210, 1, 6, 6, 20, 0, 0, 0, 24, 69.8932, 70, 35585600, 0.872813),
(1211, 1, 6, 6, 21, 0, 0, 0, 0, 5.19481, 6, 582799, 13.965),
(1212, 1, 6, 6, 22, 0, 0, 0, 0, 8.81543, 9, 1121890, -3.8),
(1213, 1, 6, 6, 23, 0, 0, 0, 0, 1.9802, 2, 127680, 19.845),
(1214, 1, 6, 6, 24, 0, 0, 0, 0, 4.38596, 5, 1470, -1.52),
(1215, 1, 6, 6, 25, 0, 0, 0, 0, 14.1176, 15, 23427.6, -7.84),
(1216, 1, 6, 6, 26, 0, 0, 0, 0, 30.7018, 31, 9114, -1.52),
(1217, 1, 6, 6, 27, 0, 0, 0, 0, 2.63158, 3, 882, -1.52),
(1218, 1, 6, 6, 28, 0, 0, 0, 0, 5.21739, 6, 3612, -8.36),
(1219, 1, 6, 6, 29, 0, 0, 0, 0, 9.34579, 10, 9240, 3.04),
(1220, 1, 6, 6, 30, 0, 0, 0, 0, 8.08081, 9, 9510.48, 18.228),
(1221, 1, 13, 6, 1, 0, 0, 0, 0, 4.73186, 5, 3831.6, -5.64667),
(1222, 1, 13, 6, 2, 0, 0, 0, 0, 3.78549, 4, 3065.28, -5.64667),
(1223, 1, 13, 6, 3, 0, 0, 0, 0, 6.25, 7, 3784.48, 19.25),
(1224, 1, 13, 6, 4, 0, 0, 0, 0, 24.3309, 25, 25730, -2.31),
(1225, 1, 13, 6, 5, 0, 0, 0, 0, 2.83912, 3, 2298.96, -5.64667),
(1226, 1, 13, 6, 6, 0, 0, 0, 0, 1.89274, 2, 1532.64, -5.64667),
(1227, 1, 13, 6, 7, 0, 0, 0, 0, 3.73832, 4, 1011.84, 4.62),
(1228, 1, 13, 6, 8, 0, 0, 0, 0, 4.5045, 5, 1123.2, -15.4),
(1229, 1, 13, 6, 9, 0, 0, 0, 0, 1.79372, 2, 915.84, -12.32),
(1230, 1, 13, 6, 10, 0, 0, 0, 0, 5.31915, 6, 1577.28, 7.7),
(1231, 1, 13, 6, 11, 0, 0, 0, 0, 0.892857, 1, 233.28, -9.54),
(1232, 1, 13, 6, 12, 0, 0, 0, 0, 1.95122, 2, 1016.8, 3.08),
(1233, 1, 13, 6, 13, 0, 0, 0, 0, 0.913242, 1, 486.24, -2.385),
(1234, 1, 13, 6, 14, 0, 0, 0, 0, 2.80374, 3, 94398.7, -15.4),
(1235, 1, 13, 6, 15, 0, 0, 0, 0, 12.9353, 13, 629866, 11.925),
(1236, 1, 13, 6, 16, 0, 0, 0, 0, 13.0435, 14, 444763, 6.16),
(1237, 1, 13, 6, 17, 0, 0, 4, 24, 29.0622, 30, 13781900, -1.325),
(1238, 1, 13, 6, 18, 0, 0, 0, 0, 5.84416, 6, 479505, 2.65),
(1239, 1, 13, 6, 19, 0, 0, 0, 0, 5.24476, 6, 566392, 3.18),
(1240, 1, 13, 6, 20, 0, 0, 4, 24, 87.6089, 88, 33542600, -1.82556),
(1241, 1, 13, 6, 21, 0, 0, 0, 0, 5.03778, 6, 573108, 5.1675),
(1242, 1, 13, 6, 22, 0, 0, 0, 0, 8.08081, 9, 1138230, 11.165),
(1243, 1, 13, 6, 23, 0, 0, 0, 0, 1.0101, 2, 252940, 11.5275),
(1244, 1, 13, 6, 24, 0, 0, 0, 0, 6.17284, 7, 1960, -7.7),
(1245, 1, 13, 6, 25, 0, 0, 0, 0, 15.9734, 16, 24926.7, 7.95),
(1246, 1, 13, 6, 26, 0, 0, 0, 0, 12.3457, 13, 3640, -7.7),
(1247, 1, 13, 6, 27, 0, 0, 0, 0, 3.7037, 4, 1120, -7.7),
(1248, 1, 13, 6, 28, 0, 0, 0, 0, 6.15385, 7, 4018, -4.62),
(1249, 1, 13, 6, 29, 0, 0, 0, 0, 10.4895, 11, 9856, 5.64667),
(1250, 1, 13, 6, 30, 0, 0, 0, 0, 7.36648, 8, 7844.48, -2.862),
(1251, 1, 12, 6, 1, 0, 0, 0, 0, 4.53172, 5, 4017.6, 2.25333),
(1252, 1, 12, 6, 2, 0, 0, 0, 0, 3.62538, 4, 3214.08, 2.25333),
(1253, 1, 12, 6, 3, 0, 0, 0, 0, 6.74157, 7, 3524.08, 8.45),
(1254, 1, 12, 6, 4, 0, 0, 0, 0, 14.1844, 15, 27267.6, 0.482857),
(1255, 1, 12, 6, 5, 0, 0, 0, 0, 2.71903, 3, 2410.56, 2.25333),
(1256, 1, 12, 6, 6, 0, 0, 0, 0, 2.20588, 3, 2298.96, 8.45),
(1257, 1, 12, 6, 7, 0, 0, 0, 0, 3.73832, 4, 1011.84, 5.07),
(1258, 1, 12, 6, 8, 0, 0, 0, 0, 4.5045, 5, 1123.2, -16.9),
(1259, 1, 12, 6, 9, 0, 0, 0, 0, 1.79372, 2, 915.84, -13.52),
(1260, 1, 12, 6, 10, 0, 0, 0, 0, 4.46429, 5, 1289.6, -25.35),
(1261, 1, 12, 6, 11, 0, 0, 0, 0, 0.900901, 1, 224.64, -16.8),
(1262, 1, 12, 6, 12, 0, 0, 0, 0, 2.13904, 3, 1502.88, 10.14),
(1263, 1, 12, 6, 13, 0, 0, 0, 0, 0.917431, 1, 477.6, -5.88),
(1264, 1, 12, 6, 14, 0, 0, 0, 0, 2.72727, 3, 96214.1, 38.87),
(1265, 1, 12, 6, 15, 0, 0, 0, 0, 4.58554, 5, 716386, 8.96),
(1266, 1, 12, 6, 16, 0, 0, 0, 0, 11.215, 12, 377595, -16.9),
(1267, 1, 12, 6, 17, 0, 0, 0, 16, 14.5103, 15, 6591230, 2.7716),
(1268, 1, 12, 6, 18, 0, 0, 0, 0, 5.59006, 6, 483135, 23.52),
(1269, 1, 12, 6, 19, 0, 0, 0, 0, 5.24476, 6, 566392, 3.38),
(1270, 1, 12, 6, 20, 0, 0, 0, 15, 121.869, 122, 45386800, 3.58909),
(1271, 1, 12, 6, 21, 0, 0, 0, 0, 5.03778, 6, 573108, 5.46),
(1272, 1, 12, 6, 22, 0, 0, 0, 0, 8.81543, 9, 1121890, -4.225),
(1273, 1, 12, 6, 23, 0, 0, 0, 0, 1.0101, 2, 252940, 12.18),
(1274, 1, 12, 6, 24, 0, 0, 0, 0, 1.02669, 2, 3012.8, 1.69),
(1275, 1, 12, 6, 25, 0, 0, 0, 0, 8.52575, 9, 25452, 0.763636),
(1276, 1, 12, 6, 26, 0, 0, 0, 0, 5.02152, 6, 12734.4, -0.724286),
(1277, 1, 12, 6, 27, 0, 0, 0, 0, 0.934579, 1, 924, 3.38),
(1278, 1, 12, 6, 28, 0, 0, 0, 0, 2.06897, 3, 5527.2, 6.76),
(1279, 1, 12, 6, 29, 0, 0, 0, 0, 4.87013, 5, 9212, 0.563333),
(1280, 1, 12, 6, 30, 0, 0, 0, 0, 4.19287, 5, 8579.2, 0),
(1311, 1, 16, 6, 1, 0, 0, 0, 0, 4.79233, 5, 4042.4, 14.72),
(1312, 1, 16, 6, 2, 0, 0, 0, 0, 4.13793, 5, 3806.8, -3.06667),
(1313, 1, 16, 6, 3, 0, 0, 0, 0, 5.97015, 6, 3095.04, 7.36),
(1314, 1, 16, 6, 4, 0, 0, 0, 0, 18.3673, 19, 19177.8, -10.12),
(1315, 1, 16, 6, 5, 0, 0, 0, 0, 2.8754, 3, 2425.44, 14.72),
(1316, 1, 16, 6, 6, 0, 0, 0, 0, 1.91693, 2, 1616.96, 14.72),
(1317, 1, 16, 6, 7, 0, 0, 0, 0, 4.25532, 5, 1314.4, 9.2),
(1318, 1, 16, 6, 8, 0, 0, 0, 0, 3.34928, 4, 1866.24, 4.6),
(1319, 1, 16, 6, 9, 0, 0, 0, 0, 0.980392, 1, 915.84, -0.46),
(1320, 1, 16, 6, 10, 0, 0, 0, 0, 1.0101, 2, 2608.96, 5.888),
(1321, 1, 16, 6, 11, 0, 0, 0, 0, 1.02041, 2, 483.84, 27.6),
(1322, 1, 16, 6, 12, 0, 0, 0, 0, 1.95122, 2, 1016.8, 3.68),
(1323, 1, 16, 6, 13, 0, 0, 0, 0, 0.970874, 1, 496.16, -0.92),
(1324, 1, 16, 6, 14, 0, 0, 0, 0, 3.26087, 4, 127075, 7.36),
(1325, 1, 16, 6, 15, 0, 0, 0, 0, 15.2047, 16, 738304, -9.2),
(1326, 1, 16, 6, 16, 0, 0, 0, 0, 11.215, 12, 377595, -18.4),
(1327, 1, 16, 6, 17, 0, 0, 0, 15, 15.7549, 16, 6460660, 3.76),
(1328, 1, 16, 6, 18, 0, 0, 0, 0, 6.47482, 7, 543272, -12.2667),
(1329, 1, 16, 6, 19, 0, 0, 0, 0, 4.77707, 5, 476532, 5.52),
(1330, 1, 16, 6, 20, 0, 0, 0, 15, 136.305, 137, 47431600, 0.9295),
(1331, 1, 16, 6, 21, 0, 0, 0, 0, 3.52734, 4, 573108, 9.01333),
(1332, 1, 16, 6, 22, 0, 0, 0, 0, 8.39895, 9, 1124620, 4.14),
(1333, 1, 16, 6, 23, 0, 0, 0, 0, 0.689655, 1, 188192, 0.845),
(1334, 1, 16, 6, 24, 0, 0, 0, 0, 0.956023, 1, 1506.4, -6.256),
(1335, 1, 16, 6, 25, 0, 0, 0, 0, 11.7216, 12, 24864, 7.36),
(1336, 1, 16, 6, 26, 0, 0, 0, 0, 1.76211, 2, 5162.08, 1.84),
(1337, 1, 16, 6, 27, 0, 0, 0, 0, 1, 1, 966, 15.9467),
(1338, 1, 16, 6, 28, 0, 0, 0, 0, 1.94805, 2, 3684.8, 0.613333),
(1339, 1, 16, 6, 29, 0, 0, 0, 0, 4.87013, 5, 9212, 0.613333),
(1340, 1, 16, 6, 30, 0, 0, 0, 0, 2.45851, 3, 11094.7, -2.32375),
(1341, 1, 11, 6, 1, 0, 0, 0, 0, 4.93421, 5, 3992.8, 5.63333),
(1342, 1, 11, 6, 2, 0, 0, 0, 0, 3.94737, 4, 3104.96, -5.07),
(1343, 1, 11, 6, 3, 0, 0, 0, 0, 10.7143, 11, 3219.04, 27.04),
(1344, 1, 11, 6, 4, 0, 0, 0, 0, 18.3206, 19, 19413.4, 0.845),
(1345, 1, 11, 6, 5, 0, 0, 0, 0, 3.01003, 4, 3035.52, -1.69),
(1346, 1, 11, 6, 6, 0, 0, 0, 0, 2.80374, 3, 1621.92, -0.845),
(1347, 1, 11, 6, 7, 0, 0, 0, 0, 3.57143, 4, 1170.56, 27.04),
(1348, 1, 11, 6, 8, 0, 0, 1, 0, 2.04082, 3, 725.76, 25.35),
(1349, 1, 11, 6, 9, 0, 0, 2, 0, 2.16216, 3, 1373.76, 12.675),
(1350, 1, 11, 6, 10, 0, 0, 0, 0, 5.31915, 6, 1577.28, 8.45),
(1351, 1, 11, 6, 11, 0, 0, 0, 0, 0.892857, 1, 233.28, -10.14),
(1352, 1, 11, 6, 12, 0, 0, 0, 0, 1.82648, 2, 1021.76, -10.14),
(1353, 1, 11, 6, 13, 0, 0, 0, 0, 0.952381, 1, 488.72, -4.225),
(1354, 1, 11, 6, 14, 0, 0, 0, 0, 3.44828, 4, 124655, 20.28),
(1355, 1, 11, 6, 15, 0, 0, 0, 0, 13.2653, 14, 658936, -1.66),
(1356, 1, 11, 6, 16, 0, 0, 0, 0, 13.0435, 14, 444763, 6.76),
(1357, 1, 11, 6, 17, 0, 0, 0, 16, 38.4196, 39, 13976000, -1.43364),
(1358, 1, 11, 6, 18, 0, 0, 0, 0, 6.12245, 7, 565273, 25.4533),
(1359, 1, 11, 6, 19, 0, 0, 0, 0, 5.6391, 6, 557316, -3.38),
(1360, 1, 11, 6, 20, 2, 0, 0, 16, 103.527, 104, 34092900, -0.237143),
(1361, 1, 11, 6, 21, 0, 0, 0, 0, 5.8651, 6, 563418, 7.885),
(1362, 1, 11, 6, 22, 0, 0, 0, 0, 7.98005, 8, 1002080, -5.4925),
(1363, 1, 11, 6, 23, 0, 0, 0, 0, 2.23464, 3, 188797, 13.28),
(1364, 1, 11, 6, 24, 0, 0, 0, 0, 6.17284, 7, 1960, -8.45),
(1365, 1, 11, 6, 25, 0, 0, 0, 0, 16.4948, 17, 26779.8, 1.93667),
(1366, 1, 11, 6, 26, 0, 0, 0, 0, 3.01205, 4, 10095.7, -12.8273),
(1367, 1, 11, 6, 27, 0, 0, 0, 0, 3.2967, 4, 1288, 28.73),
(1368, 1, 11, 6, 28, 0, 0, 0, 0, 5.21739, 6, 3612, -9.295),
(1369, 1, 11, 6, 29, 0, 0, 0, 0, 10.4167, 11, 10010, 1.12667),
(1370, 1, 11, 6, 30, 0, 0, 0, 0, 8.40336, 9, 8643.6, -14.276),
(1371, 1, 9, 6, 1, 0, 0, 0, 0, 4.73186, 5, 3831.6, -5.35333),
(1372, 1, 9, 6, 2, 0, 0, 0, 0, 3.78549, 4, 3065.28, -5.35333),
(1373, 1, 9, 6, 3, 0, 0, 0, 0, 6.25, 7, 3541.44, -4.38),
(1374, 1, 9, 6, 4, 0, 0, 0, 0, 20.9476, 21, 21404.9, -2.92),
(1375, 1, 9, 6, 5, 0, 0, 0, 0, 2.83912, 3, 2298.96, -5.35333),
(1376, 1, 9, 6, 6, 0, 0, 0, 0, 2.06897, 3, 2284.08, -2.43333),
(1377, 1, 9, 6, 7, 0, 0, 0, 0, 3.73832, 4, 1011.84, 4.38),
(1378, 1, 9, 6, 8, 0, 0, 0, 0, 3.06122, 4, 967.68, 21.9),
(1379, 1, 9, 6, 9, 0, 0, 0, 0, 1.91388, 2, 933.12, 3.65),
(1380, 1, 9, 6, 10, 0, 0, 0, 0, 4.6729, 5, 1264.8, 4.38),
(1381, 1, 9, 6, 11, 0, 0, 0, 0, 0.892857, 1, 233.28, -8.76),
(1382, 1, 9, 6, 12, 0, 0, 0, 0, 1.90476, 2, 1026.72, -10.22),
(1383, 1, 9, 6, 13, 0, 0, 0, 0, 0.952381, 1, 534.56, 22.63),
(1384, 1, 9, 6, 14, 0, 0, 0, 0, 3.26087, 4, 127075, 5.84),
(1385, 1, 9, 6, 15, 0, 0, 0, 0, 15.2047, 16, 738304, 0),
(1386, 1, 9, 6, 16, 0, 0, 0, 0, 11.215, 12, 377595, -14.6),
(1387, 1, 9, 6, 17, 0, 0, 0, 17, 38.7692, 39, 14501000, 2.03522),
(1388, 1, 9, 6, 18, 0, 0, 0, 0, 5.59006, 6, 483135, 21.14),
(1389, 1, 9, 6, 19, 0, 0, 0, 0, 5.19031, 6, 570023, 18.98),
(1390, 1, 9, 6, 20, 0, 1, 3, 23, 80.7371, 81, 31775500, 0.27963),
(1391, 1, 9, 6, 21, 0, 0, 0, 0, 4.20168, 5, 601026, 12.08),
(1392, 1, 9, 6, 22, 0, 0, 0, 0, 8.39895, 9, 1124620, 3.285),
(1393, 1, 9, 6, 23, 0, 0, 0, 0, 0.589971, 1, 184045, 14.4529),
(1394, 1, 9, 6, 24, 0, 0, 0, 0, 4.38596, 5, 1470, -1.46),
(1395, 1, 9, 6, 25, 0, 0, 0, 0, 19.5918, 20, 25950.4, 16.006),
(1396, 1, 9, 6, 26, 0, 0, 0, 0, 4.88827, 5, 8867.6, 6.68714),
(1397, 1, 9, 6, 27, 0, 0, 0, 0, 3.22581, 4, 1344, 27.74),
(1398, 1, 9, 6, 28, 0, 0, 0, 0, 6.09137, 7, 4116, -10.95),
(1399, 1, 9, 6, 29, 0, 0, 0, 0, 10.7143, 11, 9640.4, -0.973333),
(1400, 1, 9, 6, 30, 0, 0, 0, 0, 7.8125, 8, 7844.48, 2.416),
(1401, 1, 8, 6, 1, 0, 0, 0, 0, 4.65839, 5, 4030, 1.18),
(1402, 1, 8, 6, 2, 0, 0, 0, 0, 3.72671, 4, 3224, 1.18),
(1403, 1, 8, 6, 3, 0, 0, 0, 0, 5.35714, 6, 3303.36, 0.885),
(1404, 1, 8, 6, 4, 0, 0, 0, 0, 19.9005, 20, 21080, 4.8675),
(1405, 1, 8, 6, 5, 0, 0, 0, 0, 2.79503, 3, 2418, 1.18),
(1406, 1, 8, 6, 6, 0, 0, 0, 0, 1.86335, 2, 1612, 1.18),
(1407, 1, 8, 6, 7, 0, 0, 0, 0, 3.57143, 4, 1170.56, 28.32),
(1408, 1, 8, 6, 8, 0, 0, 0, 0, 6.25, 7, 1632.96, -10.62),
(1409, 1, 8, 6, 9, 0, 0, 0, 0, 2.01005, 3, 1347.84, -5.31),
(1410, 1, 8, 6, 10, 0, 0, 0, 0, 4.46429, 5, 1463.2, 28.32),
(1411, 1, 8, 6, 11, 0, 0, 0, 0, 0.502513, 1, 449.28, -5.31),
(1412, 1, 8, 6, 12, 0, 0, 0, 0, 1.78571, 2, 1101.12, 0.885),
(1413, 1, 8, 6, 13, 0, 0, 0, 0, 0.892857, 1, 525.92, 8.85),
(1414, 1, 8, 6, 14, 0, 0, 0, 0, 3.44828, 4, 124655, 21.24),
(1415, 1, 8, 6, 15, 0, 0, 0, 0, 13, 13, 650861, 33.88),
(1416, 1, 8, 6, 16, 0, 0, 0, 0, 13.7931, 14, 436292, 21.24),
(1417, 1, 8, 6, 17, 0, 0, 0, 12, 26.6308, 27, 6260060, 5.74933),
(1418, 1, 8, 6, 18, 0, 0, 0, 0, 6.61765, 7, 562256, 18.48),
(1419, 1, 8, 6, 19, 0, 0, 0, 0, 4.93421, 5, 473506, 14.75),
(1420, 1, 8, 6, 20, 0, 0, 3, 25, 86.8496, 87, 45214500, -0.513333),
(1421, 1, 8, 6, 21, 0, 0, 0, 0, 10, 10, 500662, 33.88),
(1422, 1, 8, 6, 22, 0, 0, 0, 0, 8.51064, 9, 1124620, 7.5225),
(1423, 1, 8, 6, 23, 0, 0, 0, 0, 2.06186, 3, 187890, 1.54),
(1424, 1, 8, 6, 24, 0, 0, 0, 0, 6.17284, 7, 1960, -8.85),
(1425, 1, 8, 6, 25, 0, 0, 0, 0, 17.1123, 18, 28556.6, 9.24),
(1426, 1, 8, 6, 26, 0, 0, 0, 0, 2.04918, 3, 3696, -9.24),
(1427, 1, 8, 6, 27, 0, 0, 0, 0, 3.22581, 4, 1344, 33.63),
(1428, 1, 8, 6, 28, 0, 0, 0, 0, 6.97674, 7, 4214, 10.62),
(1429, 1, 8, 6, 29, 0, 0, 0, 0, 10.4895, 11, 9856, 6.49),
(1430, 1, 8, 6, 30, 0, 0, 0, 0, 8.03213, 9, 9097.2, 9.548),
(1431, 1, 15, 6, 1, 0, 0, 0, 0, 5.26316, 6, 4538.4, 7.8),
(1432, 1, 15, 6, 2, 0, 0, 0, 0, 4.21053, 5, 3782, 7.8),
(1433, 1, 15, 6, 3, 0, 0, 0, 0, 5.60748, 6, 3243.84, -0.9),
(1434, 1, 15, 6, 4, 0, 0, 0, 0, 19.4647, 20, 20584, -2.7),
(1435, 1, 15, 6, 5, 0, 0, 0, 0, 3.06122, 4, 3154.56, 4.8),
(1436, 1, 15, 6, 6, 0, 0, 0, 0, 1.89274, 2, 1532.64, -6.6),
(1437, 1, 15, 6, 7, 0, 0, 0, 0, 1.99005, 2, 1031.68, 7.2),
(1438, 1, 15, 6, 8, 0, 0, 0, 0, 8.04598, 9, 1944, 0),
(1439, 1, 15, 6, 9, 0, 0, 0, 0, 1.79372, 2, 915.84, -14.4),
(1440, 1, 15, 6, 10, 0, 0, 0, 0, 1.75439, 2, 1512.8, 7.8),
(1441, 1, 15, 6, 11, 0, 0, 0, 0, 1.14943, 2, 432, 0),
(1442, 1, 15, 6, 12, 0, 0, 0, 0, 1.94175, 2, 1041.6, -9),
(1443, 1, 15, 6, 13, 0, 0, 0, 0, 0.952381, 1, 534.56, 27.9),
(1444, 1, 15, 6, 14, 0, 0, 0, 0, 2.72727, 3, 96214.1, 41.4),
(1445, 1, 15, 6, 15, 0, 0, 0, 0, 7.08447, 8, 745687, -5.4),
(1446, 1, 15, 6, 16, 0, 0, 0, 0, 13.7931, 14, 436292, 21.6),
(1447, 1, 15, 6, 17, 0, 0, 0, 16, 36.0614, 37, 15015800, 1.015),
(1448, 1, 15, 6, 18, 0, 0, 0, 0, 3.66599, 4, 536612, 3.828),
(1449, 1, 15, 6, 19, 0, 2, 0, 0, 4.85437, 5, 476532, 9.86),
(1450, 1, 15, 6, 20, 0, 0, 0, 16, 109.499, 110, 48235900, 2.6448),
(1451, 1, 15, 6, 21, 0, 0, 0, 0, 4.09836, 5, 592950, 1.74),
(1452, 1, 15, 6, 22, 0, 0, 0, 0, 8.35509, 9, 1124620, -14.4),
(1453, 1, 15, 6, 23, 0, 0, 0, 0, 0.902935, 1, 112912, 11.31),
(1454, 1, 15, 6, 24, 0, 0, 0, 0, 2.43902, 3, 1848, 14.4),
(1455, 1, 15, 6, 25, 0, 1, 0, 0, 7.3115, 8, 25231.4, -7.62923),
(1456, 1, 15, 6, 26, 0, 0, 0, 0, 1.22926, 2, 7396.48, -2.3925),
(1457, 1, 15, 6, 27, 0, 0, 0, 0, 1.03093, 2, 1792, -7.8),
(1458, 1, 15, 6, 28, 0, 0, 0, 0, 1.94805, 2, 3684.8, 0.6),
(1459, 1, 15, 6, 29, 0, 0, 0, 0, 4.96689, 5, 8932, -6.6),
(1460, 1, 15, 6, 30, 0, 0, 0, 0, 3.53357, 4, 8632.96, -6.64364),
(1461, 1, 10, 6, 1, 0, 0, 0, 0, 5.01672, 6, 4627.68, 5.55),
(1462, 1, 10, 6, 2, 0, 0, 0, 0, 4.01338, 5, 3856.4, 5.55),
(1463, 1, 10, 6, 3, 0, 0, 0, 0, 6.25, 7, 3541.44, -5.55),
(1464, 1, 10, 6, 4, 0, 0, 0, 0, 20.9476, 21, 21404.9, -3.7),
(1465, 1, 10, 6, 5, 0, 0, 0, 0, 3.01003, 4, 3085.12, 5.55),
(1466, 1, 10, 6, 6, 0, 0, 0, 0, 1.97368, 2, 1597.12, 6.16667),
(1467, 1, 10, 6, 7, 0, 0, 0, 0, 4.25532, 5, 1314.4, 9.25),
(1468, 1, 10, 6, 8, 0, 0, 0, 0, 3.44828, 4, 864, 0),
(1469, 1, 10, 6, 9, 0, 0, 0, 0, 2.01005, 3, 1347.84, -5.55),
(1470, 1, 10, 6, 10, 0, 0, 0, 0, 5.31915, 6, 1577.28, 9.25),
(1471, 1, 10, 6, 11, 0, 0, 0, 0, 1.14943, 2, 432, 0),
(1472, 1, 10, 6, 12, 0, 0, 0, 0, 1.82648, 2, 1021.76, -11.1),
(1473, 1, 10, 6, 13, 0, 0, 0, 0, 2.29885, 3, 648, 0),
(1474, 1, 10, 6, 14, 0, 0, 0, 0, 3.26087, 4, 127075, 7.4),
(1475, 1, 10, 6, 15, 0, 0, 0, 0, 12.2642, 13, 629866, 16.245),
(1476, 1, 10, 6, 16, 0, 0, 0, 0, 13.0435, 14, 444763, 7.4),
(1477, 1, 10, 6, 17, 0, 0, 0, 12, 49.8305, 50, 15503500, 3.61),
(1478, 1, 10, 6, 18, 0, 0, 0, 0, 5.92105, 6, 481320, 13.11),
(1479, 1, 10, 6, 19, 0, 0, 0, 0, 4.93421, 5, 473506, 15.4167),
(1480, 1, 10, 6, 20, 0, 0, 0, 16, 109.815, 110, 44841100, 3.20625),
(1481, 1, 10, 6, 21, 0, 0, 0, 0, 5.6338, 6, 568956, 5.5575),
(1482, 1, 10, 6, 22, 0, 0, 0, 0, 9.01408, 10, 948259, 5.5575),
(1483, 1, 10, 6, 23, 0, 0, 0, 0, 0.699301, 1, 158364, 7.41),
(1484, 1, 10, 6, 24, 0, 0, 0, 0, 6.17284, 7, 1960, -9.25),
(1485, 1, 10, 6, 25, 0, 0, 0, 0, 16.8421, 17, 26256.2, 2.28),
(1486, 1, 10, 6, 26, 0, 0, 0, 0, 12.3457, 13, 3640, -9.25),
(1487, 1, 10, 6, 27, 0, 0, 0, 0, 3.7037, 4, 1120, -9.25),
(1488, 1, 10, 6, 28, 0, 0, 0, 0, 6.97674, 7, 4214, 11.1),
(1489, 1, 10, 6, 29, 0, 0, 0, 0, 10.4167, 11, 10010, 1.23333),
(1490, 1, 10, 6, 30, 0, 0, 0, 0, 8.28157, 9, 8885.52, -0.342),
(1491, 1, 14, 6, 1, 0, 0, 0, 0, 4.79233, 5, 3868.8, -3.85),
(1492, 1, 14, 6, 2, 0, 0, 0, 0, 3.83387, 4, 3095.04, -3.85),
(1493, 1, 14, 6, 3, 0, 0, 0, 0, 5.71429, 6, 3288.48, 14.025),
(1494, 1, 14, 6, 4, 0, 0, 0, 0, 14.1176, 15, 15996, 3.7125),
(1495, 1, 14, 6, 5, 0, 0, 0, 0, 2.8754, 3, 2321.28, -3.85),
(1496, 1, 14, 6, 6, 0, 0, 0, 0, 2.04082, 3, 2365.92, 4.4),
(1497, 1, 14, 6, 7, 0, 0, 0, 0, 4.25532, 5, 1314.4, 8.25),
(1498, 1, 14, 6, 8, 0, 0, 0, 0, 5.10204, 6, 1451.52, 24.75),
(1499, 1, 14, 6, 9, 0, 0, 0, 0, 1.90476, 2, 950.4, 7.425),
(1500, 1, 14, 6, 10, 0, 0, 0, 0, 5.31915, 6, 1577.28, 8.25),
(1501, 1, 14, 6, 11, 0, 0, 0, 0, 1.02041, 2, 483.84, 24.75),
(1502, 1, 14, 6, 12, 0, 0, 0, 0, 1.82648, 2, 1021.76, -9.9),
(1503, 1, 14, 6, 13, 0, 0, 0, 0, 1.04167, 2, 1009.6, 16.5),
(1504, 1, 14, 6, 14, 0, 0, 0, 0, 3.26087, 4, 127075, 6.6),
(1505, 1, 14, 6, 15, 0, 0, 0, 0, 11.5044, 12, 592489, 10.725),
(1506, 1, 14, 6, 16, 0, 0, 0, 0, 10.9091, 11, 352785, 37.95),
(1507, 1, 14, 6, 17, 0, 0, 0, 12, 20.0445, 21, 6496920, 0.641667),
(1508, 1, 14, 6, 18, 0, 0, 0, 0, 5.66038, 6, 486857, 9.35),
(1509, 1, 14, 6, 19, 0, 0, 0, 0, 4.93421, 5, 473506, 13.75),
(1510, 1, 14, 6, 20, 0, 0, 0, 16, 99.8634, 100, 35958500, 0.505909),
(1511, 1, 14, 6, 21, 0, 0, 0, 0, 5.03778, 6, 573108, 5.1675),
(1512, 1, 14, 6, 22, 0, 0, 0, 0, 8.0402, 9, 1132780, -4.95),
(1513, 1, 14, 6, 23, 0, 0, 0, 0, 2.01005, 3, 189705, -4.77),
(1514, 1, 14, 6, 24, 0, 0, 0, 0, 5.49451, 6, 1932, 28.05),
(1515, 1, 14, 6, 25, 0, 0, 0, 0, 12.3235, 13, 28450.2, 3.37875),
(1516, 1, 14, 6, 26, 0, 0, 0, 0, 3.20513, 4, 10259.2, 0.6),
(1517, 1, 14, 6, 27, 0, 0, 0, 0, 3.2967, 4, 1288, 28.05),
(1518, 1, 14, 6, 28, 0, 0, 0, 0, 6.09137, 7, 4116, -12.375),
(1519, 1, 14, 6, 29, 0, 0, 0, 0, 4.90196, 5, 9100, -1.855),
(1520, 1, 14, 6, 30, 0, 0, 0, 0, 7.61905, 8, 8355.2, 13.2),
(1521, 1, 7, 6, 1, 0, 0, 0, 0, 4.53172, 5, 4017.6, 2.33333),
(1522, 1, 7, 6, 2, 0, 0, 0, 0, 3.62538, 4, 3214.08, 2.33333),
(1523, 1, 7, 6, 3, 0, 0, 0, 0, 6.25, 7, 3628.24, 5.25),
(1524, 1, 7, 6, 4, 0, 0, 0, 0, 17.9551, 18, 18123.8, -8.75),
(1525, 1, 7, 6, 5, 0, 0, 0, 0, 2.71903, 3, 2410.56, 2.33333),
(1526, 1, 7, 6, 6, 0, 0, 0, 0, 1.97368, 2, 1621.92, 12.8333),
(1527, 1, 7, 6, 7, 0, 0, 0, 0, 3.57143, 4, 1170.56, 28),
(1528, 1, 7, 6, 8, 0, 0, 0, 0, 6.25, 7, 1632.96, -10.5),
(1529, 1, 7, 6, 9, 0, 0, 0, 0, 1.90476, 2, 950.4, 7.875),
(1530, 1, 7, 6, 10, 0, 0, 0, 0, 4.46429, 5, 1463.2, 27.04),
(1531, 1, 7, 6, 11, 0, 0, 0, 0, 1.02041, 2, 483.84, 25.35),
(1532, 1, 7, 6, 12, 0, 0, 0, 0, 1.94175, 2, 1111.04, 18.375),
(1533, 1, 7, 6, 13, 0, 1, 0, 0, 1.8018, 2, 449.28, -16.9),
(1534, 1, 7, 6, 14, 0, 0, 0, 0, 2.72727, 3, 96214.1, 38.87),
(1535, 1, 7, 6, 15, 0, 0, 1, 0, 21.4876, 22, 558342, 28.73),
(1536, 1, 7, 6, 16, 0, 1, 0, 0, 13.0435, 14, 0, 7),
(1537, 1, 7, 6, 17, 0, 1, 1, 12, 24.3842, 25, 6363410, 0.528125),
(1538, 1, 7, 6, 18, 0, 1, 1, 0, 4.56853, 5, 508026, -8.45),
(1539, 1, 7, 6, 19, 0, 0, 0, 0, 4.85437, 5, 476532, 9.57667),
(1540, 1, 7, 6, 20, 0, 0, 1, 17, 145.36, 146, 39453500, 0.177895),
(1541, 1, 7, 6, 21, 0, 0, 1, 0, 6.87285, 7, 511968, 20.28),
(1542, 1, 7, 6, 22, 0, 0, 0, 0, 7.60095, 8, 1014180, -0.4225),
(1543, 1, 7, 6, 23, 0, 0, 0, 0, 1.84332, 2, 127075, 10.985),
(1544, 1, 7, 6, 24, 0, 0, 0, 0, 2.40385, 3, 1103.76, 29.575),
(1545, 1, 7, 6, 25, 0, 1, 0, 0, 32.2148, 33, 31416, 19.7167),
(1546, 1, 7, 6, 26, 0, 1, 1, 0, 3.9548, 4, 7237.44, -4.01375),
(1547, 1, 7, 6, 27, 0, 1, 0, 0, 3.7037, 4, 0, -8.75),
(1548, 1, 7, 6, 28, 0, 1, 0, 0, 12.9032, 13, 4368, 32.11),
(1549, 1, 7, 6, 29, 0, 1, 0, 0, 14.3541, 15, 9660, 7.605),
(1550, 1, 7, 6, 30, 0, 0, 1, 0, 7.1048, 8, 7956.48, -9.802);

-- --------------------------------------------------------

--
-- Structure de la table `tachessuivi`
--

CREATE TABLE `tachessuivi` (
  `id` int(11) NOT NULL,
  `id_tache` int(11) NOT NULL,
  `id_suivi` int(11) NOT NULL,
  `id_simu` int(11) NOT NULL
) ENGINE=InnoDB DEFAULT CHARSET=utf8;

--
-- Déchargement des données de la table `tachessuivi`
--

INSERT INTO `tachessuivi` (`id`, `id_tache`, `id_suivi`, `id_simu`) VALUES
(80, 1, 4, 1),
(90, 1, 5, 1),
(163, 1, 6, 1),
(81, 2, 4, 1),
(91, 2, 5, 1),
(164, 2, 6, 1),
(82, 3, 4, 1),
(92, 3, 5, 1),
(165, 3, 6, 1),
(83, 4, 4, 1),
(93, 4, 5, 1),
(166, 4, 6, 1),
(84, 5, 4, 1),
(94, 5, 5, 1),
(167, 5, 6, 1),
(85, 6, 4, 1),
(95, 6, 5, 1),
(168, 6, 6, 1),
(86, 7, 4, 1),
(96, 7, 5, 1),
(169, 7, 6, 1),
(87, 8, 4, 1),
(97, 8, 5, 1),
(170, 8, 6, 1),
(88, 9, 4, 1),
(98, 9, 5, 1),
(171, 9, 6, 1),
(99, 10, 5, 1),
(172, 10, 6, 1),
(100, 11, 5, 1),
(173, 11, 6, 1),
(89, 12, 4, 1),
(101, 12, 5, 1),
(174, 12, 6, 1),
(102, 13, 5, 1),
(175, 13, 6, 1),
(103, 14, 5, 1),
(176, 14, 6, 1),
(104, 15, 5, 1),
(177, 15, 6, 1),
(105, 16, 5, 1),
(178, 16, 6, 1),
(179, 17, 6, 1),
(180, 18, 6, 1),
(181, 19, 6, 1),
(106, 22, 5, 1),
(182, 22, 6, 1),
(107, 24, 5, 1),
(183, 24, 6, 1),
(184, 25, 6, 1),
(185, 26, 6, 1),
(186, 27, 6, 1),
(187, 28, 6, 1),
(188, 29, 6, 1),
(189, 30, 6, 1);

-- --------------------------------------------------------

--
-- Structure de la table `technicienaffecte`
--

CREATE TABLE `technicienaffecte` (
  `IdTech` int(11) NOT NULL,
  `IdTacheSimul` int(11) NOT NULL
) ENGINE=InnoDB DEFAULT CHARSET=utf8;

--
-- Déchargement des données de la table `technicienaffecte`
--

INSERT INTO `technicienaffecte` (`IdTech`, `IdTacheSimul`) VALUES
(8, 120),
(8, 145),
(8, 146),
(8, 148),
(8, 150),
(8, 175),
(8, 176),
(8, 180),
(8, 205),
(8, 206),
(8, 297),
(8, 298),
(8, 300),
(8, 328),
(8, 387),
(8, 388),
(8, 390),
(8, 392),
(8, 417),
(8, 418),
(8, 447),
(8, 448),
(8, 482),
(8, 567),
(8, 568),
(8, 570),
(8, 598),
(8, 600),
(8, 660),
(8, 662),
(8, 747),
(8, 748),
(8, 750),
(8, 807),
(8, 808),
(8, 837),
(8, 838),
(8, 842),
(8, 867),
(8, 868),
(8, 870),
(8, 958),
(8, 959),
(8, 961),
(8, 963),
(8, 1053),
(8, 1139),
(8, 1141),
(8, 1318),
(8, 1319),
(8, 1321),
(8, 1348),
(8, 1349),
(8, 1378),
(8, 1379),
(8, 1383),
(8, 1443),
(8, 1498),
(8, 1499),
(8, 1501),
(8, 1503),
(8, 1529),
(8, 1531),
(9, 116),
(9, 146),
(9, 178),
(9, 208),
(9, 210),
(9, 237),
(9, 267),
(9, 268),
(9, 270),
(9, 272),
(9, 298),
(9, 302),
(9, 327),
(9, 328),
(9, 330),
(9, 332),
(9, 358),
(9, 420),
(9, 422),
(9, 450),
(9, 452),
(9, 478),
(9, 510),
(9, 512),
(9, 568),
(9, 597),
(9, 598),
(9, 628),
(9, 657),
(9, 658),
(9, 690),
(9, 692),
(9, 718),
(9, 720),
(9, 722),
(9, 748),
(9, 780),
(9, 782),
(9, 810),
(9, 812),
(9, 840),
(9, 868),
(9, 872),
(9, 899),
(9, 959),
(9, 1019),
(9, 1021),
(9, 1023),
(9, 1049),
(9, 1108),
(9, 1109),
(9, 1111),
(9, 1113),
(9, 1138),
(9, 1139),
(9, 1168),
(9, 1169),
(9, 1171),
(9, 1173),
(9, 1201),
(9, 1203),
(9, 1229),
(9, 1231),
(9, 1233),
(9, 1319),
(9, 1323),
(9, 1351),
(9, 1353),
(9, 1381),
(9, 1439),
(9, 1469),
(9, 1499),
(9, 1528),
(9, 1529),
(10, 116),
(10, 268),
(10, 478),
(10, 540),
(10, 542),
(10, 602),
(10, 931),
(10, 933),
(10, 1049),
(10, 1143),
(10, 1169),
(10, 1261),
(10, 1263),
(10, 1439),
(10, 1533),
(11, 9),
(11, 11),
(11, 22),
(11, 24),
(11, 115),
(11, 118),
(11, 206),
(11, 298),
(11, 357),
(11, 358),
(11, 360),
(11, 362),
(11, 418),
(11, 448),
(11, 477),
(11, 480),
(11, 627),
(11, 628),
(11, 630),
(11, 632),
(11, 688),
(11, 690),
(11, 748),
(11, 808),
(11, 868),
(11, 898),
(11, 899),
(11, 901),
(11, 903),
(11, 1048),
(11, 1051),
(11, 1079),
(11, 1081),
(11, 1319),
(11, 1349),
(11, 1409),
(11, 1411),
(11, 1438),
(11, 1441),
(11, 1468),
(11, 1469),
(11, 1471),
(11, 1473),
(18, 122),
(18, 125),
(18, 128),
(18, 154),
(18, 157),
(18, 158),
(18, 276),
(18, 394),
(18, 396),
(18, 399),
(18, 400),
(18, 426),
(18, 430),
(18, 456),
(18, 460),
(18, 484),
(18, 487),
(18, 490),
(18, 516),
(18, 519),
(18, 520),
(18, 544),
(18, 546),
(18, 550),
(18, 576),
(18, 579),
(18, 580),
(18, 636),
(18, 639),
(18, 640),
(18, 641),
(18, 699),
(18, 724),
(18, 726),
(18, 727),
(18, 730),
(18, 786),
(18, 789),
(18, 790),
(18, 816),
(18, 820),
(18, 844),
(18, 846),
(18, 849),
(18, 850),
(18, 880),
(18, 907),
(18, 910),
(18, 911),
(18, 935),
(18, 937),
(18, 941),
(18, 967),
(18, 970),
(18, 971),
(18, 997),
(18, 1000),
(18, 1001),
(18, 1025),
(18, 1027),
(18, 1028),
(18, 1031),
(18, 1055),
(18, 1057),
(18, 1058),
(18, 1060),
(18, 1061),
(18, 1090),
(18, 1177),
(18, 1207),
(18, 1210),
(18, 1211),
(18, 1235),
(18, 1237),
(18, 1238),
(18, 1241),
(18, 1265),
(18, 1271),
(18, 1301),
(18, 1331),
(18, 1357),
(18, 1361),
(18, 1385),
(18, 1387),
(18, 1390),
(18, 1391),
(18, 1393),
(18, 1420),
(18, 1445),
(18, 1447),
(18, 1448),
(18, 1450),
(18, 1451),
(18, 1477),
(18, 1480),
(18, 1481),
(18, 1482),
(18, 1483),
(18, 1507),
(18, 1510),
(18, 1511),
(19, 122),
(19, 124),
(19, 127),
(19, 128),
(19, 152),
(19, 154),
(19, 155),
(19, 157),
(19, 158),
(19, 274),
(19, 276),
(19, 277),
(19, 279),
(19, 280),
(19, 400),
(19, 424),
(19, 427),
(19, 429),
(19, 454),
(19, 457),
(19, 459),
(19, 484),
(19, 486),
(19, 489),
(19, 490),
(19, 514),
(19, 516),
(19, 517),
(19, 519),
(19, 520),
(19, 544),
(19, 546),
(19, 549),
(19, 550),
(19, 574),
(19, 576),
(19, 577),
(19, 579),
(19, 580),
(19, 607),
(19, 639),
(19, 641),
(19, 664),
(19, 666),
(19, 667),
(19, 669),
(19, 670),
(19, 699),
(19, 726),
(19, 730),
(19, 784),
(19, 786),
(19, 787),
(19, 789),
(19, 790),
(19, 814),
(19, 817),
(19, 819),
(19, 850),
(19, 880),
(19, 910),
(19, 935),
(19, 937),
(19, 940),
(19, 941),
(19, 965),
(19, 967),
(19, 968),
(19, 970),
(19, 971),
(19, 997),
(19, 998),
(19, 1000),
(19, 1001),
(19, 1027),
(19, 1031),
(19, 1055),
(19, 1057),
(19, 1060),
(19, 1061),
(19, 1090),
(19, 1115),
(19, 1117),
(19, 1118),
(19, 1120),
(19, 1121),
(19, 1147),
(19, 1148),
(19, 1150),
(19, 1175),
(19, 1177),
(19, 1178),
(19, 1180),
(19, 1181),
(19, 1205),
(19, 1207),
(19, 1208),
(19, 1210),
(19, 1211),
(19, 1237),
(19, 1241),
(19, 1265),
(19, 1270),
(19, 1271),
(19, 1300),
(19, 1301),
(19, 1331),
(19, 1355),
(19, 1358),
(19, 1360),
(19, 1391),
(19, 1393),
(19, 1420),
(19, 1445),
(19, 1447),
(19, 1450),
(19, 1451),
(19, 1453),
(19, 1480),
(19, 1481),
(19, 1482),
(19, 1483),
(19, 1505),
(19, 1507),
(19, 1508),
(19, 1510),
(19, 1511),
(19, 1537),
(19, 1538),
(20, 124),
(20, 127),
(20, 427),
(20, 430),
(20, 457),
(20, 460),
(20, 486),
(20, 489),
(20, 516),
(20, 519),
(20, 520),
(20, 544),
(20, 546),
(20, 549),
(20, 610),
(20, 636),
(20, 639),
(20, 640),
(20, 641),
(20, 694),
(20, 696),
(20, 697),
(20, 699),
(20, 700),
(20, 789),
(20, 817),
(20, 820),
(20, 890),
(20, 907),
(20, 910),
(20, 911),
(20, 935),
(20, 937),
(20, 940),
(20, 970),
(20, 1000),
(20, 1057),
(20, 1060),
(20, 1085),
(20, 1087),
(20, 1088),
(20, 1090),
(20, 1091),
(20, 1151),
(20, 1210),
(20, 1211),
(20, 1265),
(20, 1270),
(20, 1300),
(20, 1331),
(20, 1358),
(20, 1361),
(20, 1391),
(20, 1393),
(20, 1415),
(20, 1417),
(20, 1418),
(20, 1420),
(20, 1421),
(20, 1447),
(20, 1450),
(20, 1477),
(20, 1480),
(20, 1481),
(20, 1482),
(20, 1483),
(20, 1541),
(21, 122),
(21, 124),
(21, 127),
(21, 128),
(21, 276),
(21, 280),
(21, 396),
(21, 426),
(21, 429),
(21, 430),
(21, 456),
(21, 459),
(21, 460),
(21, 484),
(21, 486),
(21, 489),
(21, 490),
(21, 519),
(21, 544),
(21, 546),
(21, 549),
(21, 607),
(21, 610),
(21, 639),
(21, 641),
(21, 666),
(21, 669),
(21, 670),
(21, 699),
(21, 786),
(21, 789),
(21, 790),
(21, 816),
(21, 819),
(21, 820),
(21, 846),
(21, 880),
(21, 910),
(21, 935),
(21, 937),
(21, 940),
(21, 970),
(21, 1000),
(21, 1055),
(21, 1057),
(21, 1060),
(21, 1061),
(21, 1090),
(21, 1117),
(21, 1120),
(21, 1121),
(21, 1148),
(21, 1151),
(21, 1177),
(21, 1180),
(21, 1181),
(21, 1207),
(21, 1210),
(21, 1265),
(21, 1270),
(21, 1300),
(21, 1331),
(21, 1357),
(21, 1360),
(21, 1361),
(21, 1387),
(21, 1420),
(21, 1445),
(21, 1447),
(21, 1450),
(21, 1451),
(21, 1480),
(21, 1481),
(21, 1482),
(21, 1483),
(21, 1538),
(21, 1541),
(22, 122),
(22, 125),
(22, 128),
(22, 154),
(22, 157),
(22, 158),
(22, 280),
(22, 394),
(22, 396),
(22, 397),
(22, 400),
(22, 424),
(22, 426),
(22, 429),
(22, 430),
(22, 454),
(22, 456),
(22, 459),
(22, 460),
(22, 484),
(22, 487),
(22, 490),
(22, 519),
(22, 544),
(22, 546),
(22, 547),
(22, 549),
(22, 550),
(22, 576),
(22, 579),
(22, 580),
(22, 607),
(22, 634),
(22, 636),
(22, 637),
(22, 639),
(22, 640),
(22, 666),
(22, 669),
(22, 670),
(22, 699),
(22, 726),
(22, 729),
(22, 730),
(22, 789),
(22, 814),
(22, 816),
(22, 819),
(22, 820),
(22, 844),
(22, 846),
(22, 847),
(22, 850),
(22, 880),
(22, 905),
(22, 907),
(22, 908),
(22, 910),
(22, 911),
(22, 935),
(22, 937),
(22, 938),
(22, 940),
(22, 941),
(22, 967),
(22, 970),
(22, 971),
(22, 997),
(22, 1000),
(22, 1001),
(22, 1027),
(22, 1030),
(22, 1031),
(22, 1055),
(22, 1057),
(22, 1058),
(22, 1060),
(22, 1061),
(22, 1090),
(22, 1117),
(22, 1120),
(22, 1121),
(22, 1147),
(22, 1148),
(22, 1180),
(22, 1181),
(22, 1210),
(22, 1237),
(22, 1240),
(22, 1241),
(22, 1265),
(22, 1268),
(22, 1270),
(22, 1271),
(22, 1300),
(22, 1301),
(22, 1331),
(22, 1355),
(22, 1357),
(22, 1360),
(22, 1361),
(22, 1385),
(22, 1387),
(22, 1388),
(22, 1390),
(22, 1391),
(22, 1393),
(22, 1420),
(22, 1445),
(22, 1447),
(22, 1448),
(22, 1450),
(22, 1451),
(22, 1475),
(22, 1477),
(22, 1478),
(22, 1480),
(22, 1507),
(22, 1510),
(22, 1511),
(22, 1537),
(22, 1538),
(23, 124),
(23, 127),
(23, 152),
(23, 154),
(23, 155),
(23, 157),
(23, 158),
(23, 274),
(23, 276),
(23, 277),
(23, 279),
(23, 280),
(23, 396),
(23, 397),
(23, 399),
(23, 400),
(23, 426),
(23, 429),
(23, 456),
(23, 459),
(23, 486),
(23, 489),
(23, 514),
(23, 516),
(23, 517),
(23, 519),
(23, 520),
(23, 544),
(23, 546),
(23, 547),
(23, 549),
(23, 550),
(23, 574),
(23, 576),
(23, 577),
(23, 579),
(23, 580),
(23, 604),
(23, 610),
(23, 634),
(23, 636),
(23, 637),
(23, 639),
(23, 640),
(23, 664),
(23, 666),
(23, 667),
(23, 669),
(23, 670),
(23, 694),
(23, 696),
(23, 697),
(23, 699),
(23, 700),
(23, 724),
(23, 726),
(23, 727),
(23, 729),
(23, 730),
(23, 784),
(23, 786),
(23, 787),
(23, 789),
(23, 790),
(23, 816),
(23, 819),
(23, 846),
(23, 847),
(23, 849),
(23, 850),
(23, 890),
(23, 905),
(23, 907),
(23, 908),
(23, 910),
(23, 911),
(23, 935),
(23, 937),
(23, 938),
(23, 940),
(23, 941),
(23, 965),
(23, 967),
(23, 968),
(23, 970),
(23, 971),
(23, 997),
(23, 998),
(23, 1000),
(23, 1001),
(23, 1025),
(23, 1027),
(23, 1028),
(23, 1030),
(23, 1031),
(23, 1057),
(23, 1058),
(23, 1060),
(23, 1061),
(23, 1085),
(23, 1087),
(23, 1088),
(23, 1090),
(23, 1091),
(23, 1115),
(23, 1117),
(23, 1118),
(23, 1120),
(23, 1121),
(23, 1145),
(23, 1147),
(23, 1150),
(23, 1151),
(23, 1175),
(23, 1177),
(23, 1178),
(23, 1180),
(23, 1181),
(23, 1205),
(23, 1207),
(23, 1208),
(23, 1210),
(23, 1211),
(23, 1235),
(23, 1237),
(23, 1238),
(23, 1240),
(23, 1241),
(23, 1265),
(23, 1268),
(23, 1270),
(23, 1271),
(23, 1300),
(23, 1301),
(23, 1331),
(23, 1357),
(23, 1360),
(23, 1387),
(23, 1388),
(23, 1390),
(23, 1391),
(23, 1393),
(23, 1415),
(23, 1417),
(23, 1418),
(23, 1420),
(23, 1421),
(23, 1447),
(23, 1448),
(23, 1450),
(23, 1451),
(23, 1453),
(23, 1475),
(23, 1477),
(23, 1478),
(23, 1480),
(23, 1505),
(23, 1507),
(23, 1508),
(23, 1510),
(23, 1511),
(23, 1535),
(23, 1537),
(23, 1540),
(23, 1541),
(31, 132),
(31, 439),
(31, 469),
(31, 494),
(31, 495),
(31, 529),
(31, 559),
(31, 613),
(31, 615),
(31, 649),
(31, 704),
(31, 709),
(31, 829),
(31, 920),
(31, 950),
(31, 1065),
(31, 1066),
(31, 1095),
(31, 1100),
(31, 1154),
(31, 1220),
(31, 1280),
(31, 1310),
(31, 1340),
(31, 1370),
(31, 1425),
(31, 1430),
(31, 1455),
(31, 1456),
(31, 1460),
(31, 1490),
(31, 1544),
(32, 137),
(32, 162),
(32, 163),
(32, 167),
(32, 434),
(32, 435),
(32, 464),
(32, 465),
(32, 499),
(32, 554),
(32, 559),
(32, 584),
(32, 585),
(32, 589),
(32, 615),
(32, 644),
(32, 649),
(32, 704),
(32, 709),
(32, 824),
(32, 825),
(32, 884),
(32, 885),
(32, 889),
(32, 915),
(32, 920),
(32, 945),
(32, 950),
(32, 975),
(32, 976),
(32, 980),
(32, 1005),
(32, 1006),
(32, 1010),
(32, 1065),
(32, 1066),
(32, 1070),
(32, 1095),
(32, 1100),
(32, 1275),
(32, 1280),
(32, 1310),
(32, 1340),
(32, 1365),
(32, 1366),
(32, 1425),
(32, 1430),
(32, 1455),
(32, 1456),
(32, 1460),
(32, 1485),
(32, 1490),
(32, 1515),
(32, 1516),
(32, 1520),
(33, 133),
(33, 137),
(33, 163),
(33, 167),
(33, 289),
(33, 404),
(33, 405),
(33, 409),
(33, 495),
(33, 499),
(33, 524),
(33, 529),
(33, 554),
(33, 559),
(33, 585),
(33, 589),
(33, 613),
(33, 615),
(33, 619),
(33, 709),
(33, 734),
(33, 739),
(33, 799),
(33, 854),
(33, 855),
(33, 859),
(33, 885),
(33, 889),
(33, 945),
(33, 950),
(33, 976),
(33, 980),
(33, 1006),
(33, 1010),
(33, 1035),
(33, 1040),
(33, 1066),
(33, 1070),
(33, 1100),
(33, 1154),
(33, 1156),
(33, 1160),
(33, 1220),
(33, 1245),
(33, 1250),
(33, 1275),
(33, 1280),
(33, 1310),
(33, 1340),
(33, 1395),
(33, 1396),
(33, 1400),
(33, 1430),
(33, 1456),
(33, 1460),
(33, 1516),
(33, 1520),
(33, 1544),
(33, 1546),
(33, 1550),
(34, 133),
(34, 137),
(34, 163),
(34, 435),
(34, 439),
(34, 465),
(34, 469),
(34, 495),
(34, 499),
(34, 585),
(34, 679),
(34, 705),
(34, 825),
(34, 829),
(34, 976),
(34, 1006),
(34, 1065),
(34, 1066),
(34, 1070),
(34, 1096),
(34, 1130),
(34, 1156),
(34, 1160),
(34, 1190),
(34, 1340),
(34, 1366),
(34, 1370),
(34, 1426),
(34, 1455),
(34, 1456),
(34, 1460),
(34, 1516),
(34, 1546),
(34, 1550),
(35, 132),
(35, 289),
(35, 405),
(35, 435),
(35, 439),
(35, 465),
(35, 469),
(35, 494),
(35, 495),
(35, 499),
(35, 554),
(35, 559),
(35, 674),
(35, 679),
(35, 705),
(35, 734),
(35, 739),
(35, 799),
(35, 825),
(35, 829),
(35, 855),
(35, 889),
(35, 945),
(35, 950),
(35, 1035),
(35, 1040),
(35, 1065),
(35, 1066),
(35, 1070),
(35, 1096),
(35, 1125),
(35, 1130),
(35, 1156),
(35, 1160),
(35, 1190),
(35, 1245),
(35, 1250),
(35, 1275),
(35, 1280),
(35, 1310),
(35, 1340),
(35, 1366),
(35, 1370),
(35, 1396),
(35, 1426),
(35, 1455),
(35, 1456),
(35, 1460),
(35, 1546),
(35, 1550),
(36, 137),
(36, 163),
(36, 167),
(36, 284),
(36, 285),
(36, 289),
(36, 434),
(36, 435),
(36, 464),
(36, 465),
(36, 499),
(36, 524),
(36, 529),
(36, 559),
(36, 585),
(36, 589),
(36, 615),
(36, 619),
(36, 649),
(36, 709),
(36, 794),
(36, 799),
(36, 824),
(36, 825),
(36, 885),
(36, 889),
(36, 920),
(36, 950),
(36, 976),
(36, 980),
(36, 1006),
(36, 1010),
(36, 1066),
(36, 1070),
(36, 1100),
(36, 1156),
(36, 1185),
(36, 1186),
(36, 1215),
(36, 1220),
(36, 1280),
(36, 1310),
(36, 1340),
(36, 1365),
(36, 1366),
(36, 1430),
(36, 1456),
(36, 1460),
(36, 1490),
(36, 1516),
(36, 1520),
(36, 1546),
(37, 133),
(37, 137),
(37, 163),
(37, 409),
(37, 495),
(37, 499),
(37, 559),
(37, 585),
(37, 615),
(37, 619),
(37, 675),
(37, 679),
(37, 859),
(37, 885),
(37, 889),
(37, 950),
(37, 976),
(37, 1006),
(37, 1066),
(37, 1070),
(37, 1126),
(37, 1130),
(37, 1190),
(37, 1220),
(37, 1280),
(37, 1310),
(37, 1340),
(37, 1400),
(37, 1456),
(37, 1460),
(37, 1516),
(38, 133),
(38, 137),
(38, 284),
(38, 285),
(38, 289),
(38, 409),
(38, 435),
(38, 465),
(38, 494),
(38, 495),
(38, 499),
(38, 529),
(38, 559),
(38, 739),
(38, 794),
(38, 799),
(38, 825),
(38, 859),
(38, 885),
(38, 889),
(38, 950),
(38, 1040),
(38, 1065),
(38, 1066),
(38, 1070),
(38, 1156),
(38, 1160),
(38, 1185),
(38, 1186),
(38, 1215),
(38, 1250),
(38, 1280),
(38, 1310),
(38, 1340),
(38, 1366),
(38, 1400),
(38, 1455),
(38, 1456),
(38, 1460),
(38, 1546),
(38, 1550),
(39, 133),
(39, 137),
(39, 162),
(39, 163),
(39, 167),
(39, 404),
(39, 405),
(39, 409),
(39, 435),
(39, 439),
(39, 465),
(39, 469),
(39, 494),
(39, 495),
(39, 499),
(39, 554),
(39, 559),
(39, 584),
(39, 585),
(39, 589),
(39, 615),
(39, 644),
(39, 649),
(39, 674),
(39, 675),
(39, 679),
(39, 739),
(39, 825),
(39, 829),
(39, 854),
(39, 855),
(39, 859),
(39, 884),
(39, 885),
(39, 889),
(39, 915),
(39, 920),
(39, 945),
(39, 950),
(39, 975),
(39, 976),
(39, 980),
(39, 1005),
(39, 1006),
(39, 1010),
(39, 1040),
(39, 1065),
(39, 1066),
(39, 1070),
(39, 1125),
(39, 1126),
(39, 1130),
(39, 1190),
(39, 1250),
(39, 1275),
(39, 1280),
(39, 1310),
(39, 1340),
(39, 1366),
(39, 1370),
(39, 1395),
(39, 1396),
(39, 1400),
(39, 1455),
(39, 1456),
(39, 1460),
(39, 1485),
(39, 1490),
(39, 1515),
(39, 1516),
(39, 1520);

-- --------------------------------------------------------

--
-- Structure de la table `variationsqualite`
--

CREATE TABLE `variationsqualite` (
  `id` int(11) NOT NULL,
  `Niveau` int(11) NOT NULL,
  `Limite` int(11) NOT NULL
) ENGINE=InnoDB DEFAULT CHARSET=utf8;

--
-- Déchargement des données de la table `variationsqualite`
--

INSERT INTO `variationsqualite` (`id`, `Niveau`, `Limite`) VALUES
(1, 1, 5),
(2, 2, 10),
(4, 3, 30);

-- --------------------------------------------------------

--
-- Structure de la table `variationsressources`
--

CREATE TABLE `variationsressources` (
  `id` int(11) NOT NULL,
  `id_simulation` int(11) NOT NULL,
  `id_suivi` int(11) NOT NULL,
  `niveau` int(11) NOT NULL,
  `rapidite` int(11) NOT NULL,
  `competence` int(11) NOT NULL
) ENGINE=InnoDB DEFAULT CHARSET=utf8 COLLATE=utf8_unicode_ci;

--
-- Déchargement des données de la table `variationsressources`
--

INSERT INTO `variationsressources` (`id`, `id_simulation`, `id_suivi`, `niveau`, `rapidite`, `competence`) VALUES
(1, 1, 1, 1, 112, 85),
(2, 1, 1, 2, 104, 99),
(3, 1, 1, 3, 99, 92),
(4, 1, 1, 4, 84, 109),
(5, 1, 1, 5, 88, 128);

--
-- Index pour les tables déchargées
--

--
-- Index pour la table `account`
--
ALTER TABLE `account`
  ADD PRIMARY KEY (`id`),
  ADD KEY `id_simulation` (`id_simulation`);

--
-- Index pour la table `antecedent`
--
ALTER TABLE `antecedent`
  ADD KEY `IdTacheSimule` (`IdTacheSimule`,`IdTache`);

--
-- Index pour la table `choixcomposant`
--
ALTER TABLE `choixcomposant`
  ADD PRIMARY KEY (`id`),
  ADD KEY `id_os` (`id_os`),
  ADD KEY `id_groupe` (`id_groupe`,`id_simulation`,`id_avancement`),
  ADD KEY `avancement` (`id_avancement`),
  ADD KEY `id_simulation` (`id_simulation`),
  ADD KEY `id_battrie` (`id_battrie`),
  ADD KEY `id_boitier` (`id_boitier`);

--
-- Index pour la table `choixcorrections`
--
ALTER TABLE `choixcorrections`
  ADD PRIMARY KEY (`id`),
  ADD KEY `id_simu` (`id_simu`,`id_equipe`,`id_suivi`,`id_event`,`id_correction`);

--
-- Index pour la table `choixmitigation`
--
ALTER TABLE `choixmitigation`
  ADD PRIMARY KEY (`id`),
  ADD KEY `id_simu` (`id_simu`,`id_equipe`,`id_suivi`,`id_risque`,`id_mitigation`),
  ADD KEY `id_suivi` (`id_suivi`),
  ADD KEY `id_risque` (`id_risque`),
  ADD KEY `id_mitigation` (`id_mitigation`),
  ADD KEY `id_equipe` (`id_equipe`);

--
-- Index pour la table `composant`
--
ALTER TABLE `composant`
  ADD PRIMARY KEY (`id`),
  ADD KEY `id_simulation` (`id_simulation`);

--
-- Index pour la table `contraintepays`
--
ALTER TABLE `contraintepays`
  ADD PRIMARY KEY (`id`),
  ADD KEY `IdSimu` (`IdSimu`);

--
-- Index pour la table `correctionsevent`
--
ALTER TABLE `correctionsevent`
  ADD PRIMARY KEY (`id`),
  ADD KEY `id_event` (`id_event`);

--
-- Index pour la table `datessuivi`
--
ALTER TABLE `datessuivi`
  ADD PRIMARY KEY (`id`),
  ADD KEY `IdSimulation` (`IdSimulation`);

--
-- Index pour la table `evenements`
--
ALTER TABLE `evenements`
  ADD PRIMARY KEY (`id`),
  ADD KEY `id_simu` (`id_simu`,`id_suivi`),
  ADD KEY `psp_evenements_ibfk_2` (`id_suivi`);

--
-- Index pour la table `groupe`
--
ALTER TABLE `groupe`
  ADD PRIMARY KEY (`id`);

--
-- Index pour la table `ingenieuraffecte`
--
ALTER TABLE `ingenieuraffecte`
  ADD KEY `IdIng` (`IdIng`,`IdTacheSimul`);

--
-- Index pour la table `mitigationrisque`
--
ALTER TABLE `mitigationrisque`
  ADD PRIMARY KEY (`id`),
  ADD KEY `id_risque` (`id_risque`);

--
-- Index pour la table `occurenrerisques`
--
ALTER TABLE `occurenrerisques`
  ADD KEY `id_risque` (`id_risque`,`id_suivi`),
  ADD KEY `id_suivi` (`id_suivi`);

--
-- Index pour la table `parametrevalidation`
--
ALTER TABLE `parametrevalidation`
  ADD PRIMARY KEY (`id`),
  ADD KEY `id_equipe` (`id_equipe`,`id_simu`),
  ADD KEY `suivi` (`id_suivi`),
  ADD KEY `id_simu` (`id_simu`);

--
-- Index pour la table `penalite`
--
ALTER TABLE `penalite`
  ADD PRIMARY KEY (`id`),
  ADD KEY `id_simu` (`id_simu`);

--
-- Index pour la table `permission`
--
ALTER TABLE `permission`
  ADD PRIMARY KEY (`id`);

--
-- Index pour la table `ressourceshumaines`
--
ALTER TABLE `ressourceshumaines`
  ADD PRIMARY KEY (`id`),
  ADD KEY `id_simu` (`id_simu`),
  ADD KEY `id_pays` (`id_pays`);

--
-- Index pour la table `resultat`
--
ALTER TABLE `resultat`
  ADD PRIMARY KEY (`id`),
  ADD KEY `id_simu` (`id_simu`,`id_suivi`,`id_equipe`),
  ADD KEY `id_suivi` (`id_suivi`),
  ADD KEY `id_equipe` (`id_equipe`);

--
-- Index pour la table `risque`
--
ALTER TABLE `risque`
  ADD PRIMARY KEY (`id`),
  ADD KEY `id_simu` (`id_simu`);

--
-- Index pour la table `simulation`
--
ALTER TABLE `simulation`
  ADD PRIMARY KEY (`id`);

--
-- Index pour la table `systemeexplotation`
--
ALTER TABLE `systemeexplotation`
  ADD PRIMARY KEY (`id`),
  ADD KEY `id_simulation` (`id_simulation`);
ALTER TABLE `systemeexplotation` ADD FULLTEXT KEY `nom` (`nom`);

--
-- Index pour la table `taches`
--
ALTER TABLE `taches`
  ADD PRIMARY KEY (`id`),
  ADD KEY `id_simu` (`id_simu`);

--
-- Index pour la table `tachessimulees`
--
ALTER TABLE `tachessimulees`
  ADD PRIMARY KEY (`id`),
  ADD KEY `IdSimulation` (`IdSimulation`,`IdEquipe`,`IdTache`),
  ADD KEY `NumeroSuivi` (`NumeroSuivi`),
  ADD KEY `IdTache` (`IdTache`),
  ADD KEY `IdEquipe` (`IdEquipe`);

--
-- Index pour la table `tachessuivi`
--
ALTER TABLE `tachessuivi`
  ADD PRIMARY KEY (`id`),
  ADD KEY `id_tache` (`id_tache`,`id_suivi`,`id_simu`),
  ADD KEY `id_simu` (`id_simu`),
  ADD KEY `id_suivi` (`id_suivi`);

--
-- Index pour la table `technicienaffecte`
--
ALTER TABLE `technicienaffecte`
  ADD KEY `IdTech` (`IdTech`,`IdTacheSimul`);

--
-- Index pour la table `variationsqualite`
--
ALTER TABLE `variationsqualite`
  ADD PRIMARY KEY (`id`);

--
-- Index pour la table `variationsressources`
--
ALTER TABLE `variationsressources`
  ADD PRIMARY KEY (`id`),
  ADD KEY `simulation` (`id_simulation`,`id_suivi`);

--
-- AUTO_INCREMENT pour les tables déchargées
--

--
-- AUTO_INCREMENT pour la table `account`
--
ALTER TABLE `account`
  MODIFY `id` int(11) NOT NULL AUTO_INCREMENT, AUTO_INCREMENT=18;

--
-- AUTO_INCREMENT pour la table `choixcomposant`
--
ALTER TABLE `choixcomposant`
  MODIFY `id` int(11) NOT NULL AUTO_INCREMENT, AUTO_INCREMENT=51;

--
-- AUTO_INCREMENT pour la table `choixcorrections`
--
ALTER TABLE `choixcorrections`
  MODIFY `id` int(11) NOT NULL AUTO_INCREMENT, AUTO_INCREMENT=40;

--
-- AUTO_INCREMENT pour la table `choixmitigation`
--
ALTER TABLE `choixmitigation`
  MODIFY `id` int(4) NOT NULL AUTO_INCREMENT, AUTO_INCREMENT=73;

--
-- AUTO_INCREMENT pour la table `composant`
--
ALTER TABLE `composant`
  MODIFY `id` int(11) NOT NULL AUTO_INCREMENT, AUTO_INCREMENT=27;

--
-- AUTO_INCREMENT pour la table `correctionsevent`
--
ALTER TABLE `correctionsevent`
  MODIFY `id` int(11) NOT NULL AUTO_INCREMENT, AUTO_INCREMENT=9;

--
-- AUTO_INCREMENT pour la table `datessuivi`
--
ALTER TABLE `datessuivi`
  MODIFY `id` int(11) NOT NULL AUTO_INCREMENT, AUTO_INCREMENT=7;

--
-- AUTO_INCREMENT pour la table `evenements`
--
ALTER TABLE `evenements`
  MODIFY `id` int(11) NOT NULL AUTO_INCREMENT, AUTO_INCREMENT=4;

--
-- AUTO_INCREMENT pour la table `groupe`
--
ALTER TABLE `groupe`
  MODIFY `id` int(11) NOT NULL AUTO_INCREMENT, AUTO_INCREMENT=3;

--
-- AUTO_INCREMENT pour la table `mitigationrisque`
--
ALTER TABLE `mitigationrisque`
  MODIFY `id` int(11) NOT NULL AUTO_INCREMENT, AUTO_INCREMENT=25;

--
-- AUTO_INCREMENT pour la table `parametrevalidation`
--
ALTER TABLE `parametrevalidation`
  MODIFY `id` int(11) NOT NULL AUTO_INCREMENT, AUTO_INCREMENT=55;

--
-- AUTO_INCREMENT pour la table `penalite`
--
ALTER TABLE `penalite`
  MODIFY `id` int(11) NOT NULL AUTO_INCREMENT, AUTO_INCREMENT=2;

--
-- AUTO_INCREMENT pour la table `permission`
--
ALTER TABLE `permission`
  MODIFY `id` int(11) NOT NULL AUTO_INCREMENT, AUTO_INCREMENT=2;

--
-- AUTO_INCREMENT pour la table `ressourceshumaines`
--
ALTER TABLE `ressourceshumaines`
  MODIFY `id` int(11) NOT NULL AUTO_INCREMENT, AUTO_INCREMENT=40;

--
-- AUTO_INCREMENT pour la table `resultat`
--
ALTER TABLE `resultat`
  MODIFY `id` int(11) NOT NULL AUTO_INCREMENT, AUTO_INCREMENT=49;

--
-- AUTO_INCREMENT pour la table `risque`
--
ALTER TABLE `risque`
  MODIFY `id` int(11) NOT NULL AUTO_INCREMENT, AUTO_INCREMENT=7;

--
-- AUTO_INCREMENT pour la table `simulation`
--
ALTER TABLE `simulation`
  MODIFY `id` int(11) NOT NULL AUTO_INCREMENT, AUTO_INCREMENT=2;

--
-- AUTO_INCREMENT pour la table `systemeexplotation`
--
ALTER TABLE `systemeexplotation`
  MODIFY `id` int(11) NOT NULL AUTO_INCREMENT, AUTO_INCREMENT=4;

--
-- AUTO_INCREMENT pour la table `taches`
--
ALTER TABLE `taches`
  MODIFY `id` int(11) NOT NULL AUTO_INCREMENT, AUTO_INCREMENT=31;

--
-- AUTO_INCREMENT pour la table `tachessimulees`
--
ALTER TABLE `tachessimulees`
  MODIFY `id` int(11) NOT NULL AUTO_INCREMENT, AUTO_INCREMENT=1551;

--
-- AUTO_INCREMENT pour la table `tachessuivi`
--
ALTER TABLE `tachessuivi`
  MODIFY `id` int(11) NOT NULL AUTO_INCREMENT, AUTO_INCREMENT=190;

--
-- AUTO_INCREMENT pour la table `variationsqualite`
--
ALTER TABLE `variationsqualite`
  MODIFY `id` int(11) NOT NULL AUTO_INCREMENT, AUTO_INCREMENT=5;

--
-- AUTO_INCREMENT pour la table `variationsressources`
--
ALTER TABLE `variationsressources`
  MODIFY `id` int(11) NOT NULL AUTO_INCREMENT, AUTO_INCREMENT=6;

--
-- Contraintes pour les tables déchargées
--

--
-- Contraintes pour la table `choixcomposant`
--
ALTER TABLE `choixcomposant`
  ADD CONSTRAINT `choixcomposant_ibfk_1` FOREIGN KEY (`id_avancement`) REFERENCES `datessuivi` (`id`),
  ADD CONSTRAINT `choixcomposant_ibfk_2` FOREIGN KEY (`id_simulation`) REFERENCES `simulation` (`id`),
  ADD CONSTRAINT `choixcomposant_ibfk_3` FOREIGN KEY (`id_os`) REFERENCES `systemeexplotation` (`id`),
  ADD CONSTRAINT `choixcomposant_ibfk_4` FOREIGN KEY (`id_groupe`) REFERENCES `account` (`id`),
  ADD CONSTRAINT `choixcomposant_ibfk_5` FOREIGN KEY (`id_battrie`) REFERENCES `composant` (`id`);

--
-- Contraintes pour la table `choixmitigation`
--
ALTER TABLE `choixmitigation`
  ADD CONSTRAINT `choixmitigation_ibfk_1` FOREIGN KEY (`id_simu`) REFERENCES `simulation` (`id`),
  ADD CONSTRAINT `choixmitigation_ibfk_2` FOREIGN KEY (`id_suivi`) REFERENCES `datessuivi` (`id`),
  ADD CONSTRAINT `choixmitigation_ibfk_3` FOREIGN KEY (`id_risque`) REFERENCES `risque` (`id`),
  ADD CONSTRAINT `choixmitigation_ibfk_4` FOREIGN KEY (`id_mitigation`) REFERENCES `mitigationrisque` (`id`),
  ADD CONSTRAINT `choixmitigation_ibfk_5` FOREIGN KEY (`id_equipe`) REFERENCES `account` (`id`);

--
-- Contraintes pour la table `composant`
--
ALTER TABLE `composant`
  ADD CONSTRAINT `composant_ibfk_1` FOREIGN KEY (`id_simulation`) REFERENCES `simulation` (`id`) ON DELETE NO ACTION ON UPDATE NO ACTION;

--
-- Contraintes pour la table `contraintepays`
--
ALTER TABLE `contraintepays`
  ADD CONSTRAINT `contraintepays_ibfk_1` FOREIGN KEY (`IdSimu`) REFERENCES `simulation` (`id`) ON DELETE NO ACTION ON UPDATE NO ACTION;

--
-- Contraintes pour la table `correctionsevent`
--
ALTER TABLE `correctionsevent`
  ADD CONSTRAINT `correctionsevent_ibfk_1` FOREIGN KEY (`id_event`) REFERENCES `evenements` (`id`) ON DELETE NO ACTION ON UPDATE NO ACTION;

--
-- Contraintes pour la table `datessuivi`
--
ALTER TABLE `datessuivi`
  ADD CONSTRAINT `datessuivi_ibfk_1` FOREIGN KEY (`IdSimulation`) REFERENCES `simulation` (`id`) ON DELETE NO ACTION ON UPDATE NO ACTION;

--
-- Contraintes pour la table `evenements`
--
ALTER TABLE `evenements`
  ADD CONSTRAINT `evenements_ibfk_1` FOREIGN KEY (`id_simu`) REFERENCES `simulation` (`id`) ON DELETE NO ACTION ON UPDATE NO ACTION,
  ADD CONSTRAINT `evenements_ibfk_2` FOREIGN KEY (`id_suivi`) REFERENCES `datessuivi` (`id`) ON DELETE NO ACTION ON UPDATE NO ACTION;

--
-- Contraintes pour la table `ingenieuraffecte`
--
ALTER TABLE `ingenieuraffecte`
  ADD CONSTRAINT `ingenieuraffecte_ibfk_1` FOREIGN KEY (`IdIng`) REFERENCES `ressourceshumaines` (`id`);

--
-- Contraintes pour la table `mitigationrisque`
--
ALTER TABLE `mitigationrisque`
  ADD CONSTRAINT `mitigationrisque_ibfk_1` FOREIGN KEY (`id_risque`) REFERENCES `risque` (`id`) ON DELETE NO ACTION ON UPDATE NO ACTION;

--
-- Contraintes pour la table `occurenrerisques`
--
ALTER TABLE `occurenrerisques`
  ADD CONSTRAINT `occurenrerisques_ibfk_1` FOREIGN KEY (`id_risque`) REFERENCES `risque` (`id`),
  ADD CONSTRAINT `occurenrerisques_ibfk_2` FOREIGN KEY (`id_suivi`) REFERENCES `datessuivi` (`id`);

--
-- Contraintes pour la table `parametrevalidation`
--
ALTER TABLE `parametrevalidation`
  ADD CONSTRAINT `parametrevalidation_ibfk_1` FOREIGN KEY (`id_simu`) REFERENCES `simulation` (`id`),
  ADD CONSTRAINT `parametrevalidation_ibfk_2` FOREIGN KEY (`id_suivi`) REFERENCES `datessuivi` (`id`);

--
-- Contraintes pour la table `penalite`
--
ALTER TABLE `penalite`
  ADD CONSTRAINT `penalite_ibfk_1` FOREIGN KEY (`id_simu`) REFERENCES `simulation` (`id`);

--
-- Contraintes pour la table `ressourceshumaines`
--
ALTER TABLE `ressourceshumaines`
  ADD CONSTRAINT `ressourceshumaines_ibfk_1` FOREIGN KEY (`id_simu`) REFERENCES `simulation` (`id`),
  ADD CONSTRAINT `ressourceshumaines_ibfk_2` FOREIGN KEY (`id_pays`) REFERENCES `contraintepays` (`id`);

--
-- Contraintes pour la table `resultat`
--
ALTER TABLE `resultat`
  ADD CONSTRAINT `resultat_ibfk_1` FOREIGN KEY (`id_simu`) REFERENCES `simulation` (`id`),
  ADD CONSTRAINT `resultat_ibfk_2` FOREIGN KEY (`id_suivi`) REFERENCES `datessuivi` (`id`),
  ADD CONSTRAINT `resultat_ibfk_3` FOREIGN KEY (`id_equipe`) REFERENCES `account` (`id`);

--
-- Contraintes pour la table `risque`
--
ALTER TABLE `risque`
  ADD CONSTRAINT `risque_ibfk_1` FOREIGN KEY (`id_simu`) REFERENCES `simulation` (`id`);

--
-- Contraintes pour la table `systemeexplotation`
--
ALTER TABLE `systemeexplotation`
  ADD CONSTRAINT `systemeexplotation_ibfk_1` FOREIGN KEY (`id_simulation`) REFERENCES `simulation` (`id`);

--
-- Contraintes pour la table `taches`
--
ALTER TABLE `taches`
  ADD CONSTRAINT `taches_ibfk_1` FOREIGN KEY (`id_simu`) REFERENCES `simulation` (`id`);

--
-- Contraintes pour la table `tachessimulees`
--
ALTER TABLE `tachessimulees`
  ADD CONSTRAINT `tachessimulees_ibfk_1` FOREIGN KEY (`IdSimulation`) REFERENCES `simulation` (`id`),
  ADD CONSTRAINT `tachessimulees_ibfk_2` FOREIGN KEY (`IdTache`) REFERENCES `taches` (`id`),
  ADD CONSTRAINT `tachessimulees_ibfk_3` FOREIGN KEY (`NumeroSuivi`) REFERENCES `datessuivi` (`id`),
  ADD CONSTRAINT `tachessimulees_ibfk_4` FOREIGN KEY (`IdEquipe`) REFERENCES `account` (`id`);

--
-- Contraintes pour la table `tachessuivi`
--
ALTER TABLE `tachessuivi`
  ADD CONSTRAINT `tachessuivi_ibfk_1` FOREIGN KEY (`id_simu`) REFERENCES `simulation` (`id`),
  ADD CONSTRAINT `tachessuivi_ibfk_2` FOREIGN KEY (`id_suivi`) REFERENCES `datessuivi` (`id`),
  ADD CONSTRAINT `tachessuivi_ibfk_3` FOREIGN KEY (`id_tache`) REFERENCES `taches` (`id`);

--
-- Contraintes pour la table `technicienaffecte`
--
ALTER TABLE `technicienaffecte`
  ADD CONSTRAINT `technicienaffecte_ibfk_1` FOREIGN KEY (`IdTech`) REFERENCES `ressourceshumaines` (`id`) ON DELETE NO ACTION ON UPDATE NO ACTION;

--
-- Contraintes pour la table `variationsressources`
--
ALTER TABLE `variationsressources`
  ADD CONSTRAINT `variationsressources_ibfk_1` FOREIGN KEY (`id_simulation`) REFERENCES `simulation` (`id`);
COMMIT;

/*!40101 SET CHARACTER_SET_CLIENT=@OLD_CHARACTER_SET_CLIENT */;
/*!40101 SET CHARACTER_SET_RESULTS=@OLD_CHARACTER_SET_RESULTS */;
/*!40101 SET COLLATION_CONNECTION=@OLD_COLLATION_CONNECTION */;
